Transaction_ID,Date,Customer_ID,Product_ID,Quantity,Discount
1,2022-10-21,82,9,3,0.11878499868594537
2,2023-04-20,94,33,2,0.018669079072003835
3,2023-03-20,96,49,3,0.04601132885641393
4,2023-07-26,78,46,3,0.06440957947333635
5,2024-09-13,13,5,3,0.14272544447067562
6,2024-02-28,78,46,3,0.02240988293865407
7,2023-06-26,7,9,2,0.19404095176094838
8,2022-06-09,12,1,1,0.11594226181985626
9,2023-11-15,99,43,3,0.0063654518728392786
10,2023-05-27,45,34,1,0.04090400385368767
11,2023-01-15,18,17,2,0.16838441195477097
12,2022-07-31,98,20,2,0.09530775786539061
13,2023-01-13,20,39,2,0.16995206696867304
14,2023-11-03,66,44,2,0.026378265958110617
15,2024-01-20,91,16,2,0.09315603871983343
16,2022-12-02,80,21,2,0.03523140727141845
17,2024-06-13,22,8,3,0.07046124107531267
18,2022-02-19,69,14,3,0.07425274764320265
19,2024-09-01,5,42,2,0.07003503760738393
20,2022-09-20,69,32,1,0.1381979916322971
21,2023-12-10,7,2,3,0.12233886879790284
22,2023-11-10,71,32,3,0.17479486066181138
23,2023-04-20,71,28,2,0.07285553198630328
24,2022-06-17,20,40,2,0.06833858315619663
25,2024-02-14,58,41,1,0.12599000250642475
26,2023-10-04,91,40,3,0.1502740327078273
27,2022-04-18,24,6,2,0.1736669373253471
28,2022-04-16,70,8,2,0.11286350302370059
29,2024-07-21,43,40,2,0.05978497418025646
30,2024-03-24,85,49,2,0.1615483691669428
31,2024-06-24,11,23,2,0.16815268901900987
32,2024-02-09,88,39,2,0.04592843774506559
33,2024-07-12,40,30,2,0.1896419911604817
34,2023-01-16,13,35,2,0.13426209053696778
35,2022-12-04,54,32,2,0.18703560830032445
36,2024-05-05,8,8,2,0.09571175628299977
37,2023-06-24,85,25,2,0.12630472662694214
38,2023-01-31,95,41,3,0.10583014661666008
39,2023-11-20,44,38,2,0.19558840992951387
40,2022-03-05,69,14,1,0.18359660991956964
41,2023-11-17,86,18,1,0.1637196368904703
42,2024-09-24,72,29,3,0.11228385417499205
43,2022-02-14,39,17,3,0.0378635171843531
44,2023-11-25,62,3,1,0.16946051879848864
45,2024-01-22,31,40,1,0.07733562755945454
46,2023-01-17,89,7,3,0.14868980848139213
47,2024-03-19,63,32,2,0.028015826261445765
48,2023-09-06,11,14,3,0.08310907630035372
49,2023-03-13,88,3,2,0.16980244991615792
50,2022-04-21,41,32,1,0.1799945036492673
51,2023-06-20,52,25,2,0.1478190093271786
52,2024-09-26,65,43,3,0.10726125668997187
53,2023-06-09,9,46,2,0.07288358323672531
54,2022-03-19,3,28,2,0.18849028206542034
55,2022-06-02,40,39,2,0.1560391819611311
56,2024-06-12,24,22,1,0.1860652699575975
57,2024-08-22,11,2,1,0.11093450431899915
58,2023-12-13,14,15,1,0.14674589849956052
59,2023-07-11,93,11,3,0.04955085958591461
60,2023-09-14,98,6,1,0.09155601538842928
61,2023-07-08,91,34,3,0.06982957584632443
62,2022-08-02,88,13,1,0.14349165688023974
63,2024-02-24,10,2,1,0.17288571133465758
64,2023-08-25,13,41,1,0.09287097803658623
65,2024-05-16,36,27,3,0.15330974882817106
66,2022-01-11,17,11,3,0.16779802559083518
67,2022-04-04,88,32,2,0.17852611878201513
68,2024-09-25,93,6,3,0.045592701856503194
69,2023-05-29,15,11,2,0.15838272006959964
70,2024-09-19,99,37,1,0.13970125130530558
71,2023-10-16,23,45,1,0.1992998273290021
72,2022-04-09,42,29,2,0.13962143298776206
73,2022-06-16,67,3,3,0.16596326773386877
74,2023-06-23,42,36,2,0.13110489720239651
75,2023-11-16,19,17,1,0.057022726053299215
76,2024-07-28,10,30,2,0.11080157359213505
77,2024-05-07,78,36,1,0.1475228355430069
78,2024-02-14,16,23,2,0.07921888693266453
79,2024-05-25,37,7,1,0.14209135354630145
80,2022-03-04,65,40,2,0.01171106006793965
81,2023-11-21,19,22,2,0.14421047741709306
82,2022-09-05,93,44,3,0.10062171229954489
83,2023-03-01,62,21,2,0.11817486895034822
84,2023-10-26,85,33,1,0.002731359421453661
85,2024-06-03,68,14,3,0.06670566752172745
86,2022-01-01,29,23,3,0.079900429616548
87,2022-05-01,78,15,2,0.0811024769979867
88,2022-04-13,10,37,3,0.05666049290742821
89,2023-12-19,100,26,1,0.10905724912992305
90,2022-04-23,31,10,1,0.06436510718655422
91,2024-04-04,75,15,2,0.10473412011488975
92,2022-05-04,69,47,2,0.0979122667823364
93,2023-09-02,9,25,2,0.15390155569406452
94,2022-12-24,85,18,3,0.11287328195274549
95,2022-05-13,66,42,3,0.13858050707626077
96,2023-10-11,28,40,2,0.15668368122596724
97,2023-11-23,48,15,3,0.12936524843311092
98,2022-11-02,24,2,3,0.13393147186548005
99,2023-12-03,18,35,1,0.18926557340795908
100,2024-08-03,83,31,1,0.0032190498779120394
101,2022-11-10,47,17,3,0.15260714527926877
102,2023-10-31,45,50,3,0.010361642648257764
103,2024-07-01,46,24,2,0.14957307612269244
104,2023-05-23,41,1,3,0.03383516090377503
105,2022-05-03,28,6,2,0.13879838524999308
106,2024-09-01,36,32,3,0.03647281658692449
107,2022-11-16,56,28,1,0.1415862457983567
108,2024-06-09,83,20,1,0.09041896005545456
109,2024-04-05,31,35,3,0.1746530343069653
110,2022-07-15,25,31,1,0.15707307115097546
111,2024-08-26,52,41,2,0.02565029471427114
112,2022-06-18,35,5,3,0.12849881196866628
113,2022-10-17,99,50,1,0.040607465923385204
114,2022-06-22,34,26,2,0.010356933023279181
115,2023-08-01,75,6,2,0.06728736547032113
116,2024-04-09,63,27,3,0.10474188133382588
117,2022-04-08,37,23,2,0.12839275658741564
118,2023-09-27,16,5,2,0.1293197628244821
119,2023-11-06,72,16,1,0.11860704081355403
120,2022-04-26,70,32,1,0.14751771976192166
121,2024-06-10,17,38,1,0.16396100558535825
122,2023-04-18,95,24,1,0.09499641186261097
123,2024-08-25,39,28,2,0.020704062409531755
124,2022-03-24,65,38,2,0.02611062108010145
125,2022-10-08,10,40,2,0.1722104304778436
126,2022-09-09,64,43,3,0.1247528889244117
127,2022-06-01,3,28,1,0.06374383756235476
128,2023-07-25,53,39,3,0.14668831912137045
129,2023-09-19,17,11,2,0.019603726505354538
130,2022-12-26,82,28,3,0.10652570065146749
131,2022-01-31,67,44,3,0.022533559324319465
132,2024-08-31,82,8,1,0.14240514413869865
133,2024-07-29,18,13,2,0.12017880370268695
134,2024-03-10,77,45,3,0.0010020762591383958
135,2023-09-08,42,11,2,0.1352156450354518
136,2024-08-28,42,30,1,0.03518452730928667
137,2023-07-11,32,16,1,0.022946192475134342
138,2023-12-24,88,18,3,0.1421552326501195
139,2024-04-15,80,22,2,0.1710176225459381
140,2023-04-03,60,30,1,0.030143386088309045
141,2024-01-10,51,12,2,0.1249187092397402
142,2024-03-01,81,39,1,0.02971804741090276
143,2023-07-21,29,15,2,0.19967779206596345
144,2023-09-20,14,2,2,0.008734025347167496
145,2023-07-18,55,14,1,0.023420794165847858
146,2023-02-09,27,6,1,0.13863015540308019
147,2023-04-15,40,16,2,0.14714304188730354
148,2023-12-30,35,7,1,0.16131523220603514
149,2022-02-09,76,2,1,0.09426216637524408
150,2022-02-21,54,28,2,0.1422363696064604
151,2024-08-27,43,23,2,0.15903278133966942
152,2023-11-08,17,25,1,0.011635565406943639
153,2024-06-28,39,24,3,0.03174007649426989
154,2023-02-16,79,37,2,0.11078292951199481
155,2023-10-19,66,21,1,0.018058608707350498
156,2023-04-25,70,38,2,0.10940829461879209
157,2024-02-09,46,41,3,0.005424677512449261
158,2023-12-17,80,8,3,0.08186351334747351
159,2022-07-16,90,8,1,0.18891797487925832
160,2024-06-28,54,26,3,0.04004972042474633
161,2023-03-05,86,13,3,0.10357415119621034
162,2024-09-19,1,46,1,0.1026354840795428
163,2024-03-04,95,21,1,0.1477622365491523
164,2023-12-14,38,12,1,0.014285857348402221
165,2024-04-10,38,45,3,0.09276020599406097
166,2023-07-12,5,47,1,0.05264048352911974
167,2023-11-01,17,32,1,0.14067166956801785
168,2023-07-24,68,9,1,0.11278459416757625
169,2023-01-07,99,21,1,0.1925934259712263
170,2023-10-29,22,38,1,0.0782647036287879
171,2023-05-18,52,24,2,0.033675322801300436
172,2022-03-02,15,1,2,0.06104925892211095
173,2022-09-16,52,2,1,0.1040186144901265
174,2024-08-02,58,45,3,0.17297382836432618
175,2022-12-17,38,14,2,0.11579253226821767
176,2022-08-01,7,47,1,0.11036012848810761
177,2023-05-30,16,11,3,0.012188718159603297
178,2022-07-01,3,20,3,0.13691350618404105
179,2022-08-31,11,46,1,0.049749259041930644
180,2023-10-16,5,10,1,0.037779390135248204
181,2024-07-26,19,26,3,0.11351181629206511
182,2024-07-08,48,36,3,0.1629405572662376
183,2022-05-11,43,35,2,0.12981969613461716
184,2022-11-20,81,6,1,0.14528017721077516
185,2022-02-08,39,9,2,0.09552511529371797
186,2024-02-10,100,42,3,0.05795360469751412
187,2022-03-08,43,20,1,0.029367256262709487
188,2023-03-02,34,38,3,0.18782651450930232
189,2022-02-17,19,12,2,0.13805168312614569
190,2024-06-17,1,25,2,0.11935508950949641
191,2022-01-04,97,47,1,0.013818489010251978
192,2023-08-19,13,14,1,0.07440315071652728
193,2023-07-30,13,26,3,0.1675278134399516
194,2023-09-22,10,27,2,0.030375836423343475
195,2024-03-25,47,19,1,0.08208433749583673
196,2023-02-14,81,15,2,0.08387000841896514
197,2022-09-07,3,5,1,0.01387930071170811
198,2022-04-14,78,39,3,0.0701479832995141
199,2023-10-30,92,44,2,0.14409631461500305
200,2024-01-22,63,39,1,0.05309690345856138
201,2023-12-31,52,9,2,0.0021361973768729615
202,2022-01-03,16,40,2,0.125153945756427
203,2023-02-22,66,33,3,0.14227967837532296
204,2024-05-05,97,16,1,0.04854604627196035
205,2023-12-09,94,19,2,0.126839041740333
206,2022-05-22,48,38,3,0.058488974733929694
207,2024-06-10,34,25,3,0.10683281662631804
208,2023-04-06,87,22,1,0.05112161085734064
209,2023-03-06,9,42,2,0.14465732970405043
210,2022-01-07,10,30,2,0.01347143235038899
211,2024-06-05,49,33,2,0.05483219789362701
212,2022-03-10,62,10,2,0.14980172650167556
213,2023-10-11,18,10,3,0.12801545277969822
214,2022-12-23,32,27,1,0.18166653572594207
215,2022-04-12,73,11,1,0.17316756050302992
216,2022-05-16,42,23,3,0.17362252336826806
217,2024-06-08,4,33,2,0.0346805326139755
218,2022-07-03,20,43,1,0.06552287910719146
219,2023-07-12,40,28,2,0.1673158874616088
220,2024-08-24,20,33,3,0.007672736162311167
221,2024-07-27,57,39,2,0.049341927210791385
222,2022-10-28,26,8,2,0.1270014381236972
223,2023-10-30,82,41,2,0.04992428347177298
224,2023-07-09,15,45,1,0.010675217080447098
225,2023-05-30,37,6,3,0.07414788239381986
226,2024-04-11,17,32,1,0.07358072632979376
227,2023-12-29,30,6,3,0.08475669761373497
228,2022-01-19,40,50,3,0.01166919874478527
229,2023-04-08,77,21,3,0.08184419571463655
230,2024-02-17,84,15,3,0.06894082970679487
231,2024-03-07,27,16,1,0.17850497916323727
232,2024-01-31,78,12,1,0.12268389490131637
233,2023-11-16,1,15,1,0.029862385603602038
234,2023-01-09,4,26,3,0.12101866335834661
235,2022-04-10,35,12,1,0.0919965251989712
236,2023-12-03,97,39,1,0.03859456017229373
237,2022-06-17,30,10,3,0.1736686802788595
238,2023-12-31,87,46,1,0.03654123983211084
239,2023-02-10,23,26,3,0.1741624397875926
240,2022-03-05,53,17,3,0.1834643742763824
241,2023-02-11,53,7,1,0.17872454617871103
242,2023-08-26,14,2,3,0.03606070895335158
243,2022-05-08,21,50,2,0.18267412422750884
244,2022-08-01,23,37,1,0.14928079248807286
245,2022-07-09,24,10,2,0.0776898079925224
246,2022-03-14,49,29,2,0.120115794301521
247,2024-01-14,96,2,3,0.16190559153253656
248,2024-08-20,67,6,1,0.15162725144466271
249,2024-09-17,93,50,3,0.11933020679422796
250,2024-08-10,12,7,2,0.1617846328785636
251,2023-05-22,39,35,3,0.0038743260209362696
252,2022-09-14,31,4,1,0.035497172880769305
253,2022-10-31,76,31,2,0.09403631731935216
254,2024-01-27,18,38,1,0.19810450740914898
255,2022-11-01,96,42,3,0.038435007885445675
256,2024-02-28,18,44,1,0.0736702904177794
257,2022-06-10,37,36,2,0.14719357813077621
258,2023-08-22,4,29,3,0.0631000752202026
259,2022-07-16,36,37,2,0.18230316735973273
260,2024-08-03,70,14,3,0.16624792791926624
261,2023-12-31,2,31,3,0.059505693293302624
262,2022-12-19,5,48,1,0.10985363112887832
263,2024-09-15,9,6,3,0.1984996604602132
264,2024-05-23,36,27,2,0.004067573746183295
265,2023-10-23,56,32,2,0.060870271112937885
266,2023-02-19,75,9,1,0.0002629757763660035
267,2022-01-24,17,41,3,0.0587027246089213
268,2023-09-05,19,33,1,0.1353923607176424
269,2023-09-23,66,33,2,0.13816542997136666
270,2022-02-15,40,6,1,0.15825124733332835
271,2023-04-18,80,2,1,0.07343312844825467
272,2023-11-05,46,1,3,0.038737971596822574
273,2024-01-17,29,13,2,0.023191998269609406
274,2024-07-29,16,8,2,0.015479823810989913
275,2022-01-06,11,47,2,0.07368603763312793
276,2024-07-31,32,18,1,0.01662855888261383
277,2023-03-01,90,8,3,0.13364982913794474
278,2022-06-26,90,37,3,0.003534937742608624
279,2023-01-05,62,1,2,0.12006617945607626
280,2024-02-14,6,47,2,0.0779261559210323
281,2023-11-03,37,12,2,0.01002154501903756
282,2023-09-11,56,9,3,0.10165935993723703
283,2023-01-04,46,14,3,0.03320296969392285
284,2022-09-07,100,8,2,0.027147356475620655
285,2023-07-19,22,16,3,0.15582362666985672
286,2022-05-26,14,28,2,0.053203368468478354
287,2023-07-03,57,1,1,0.11351038295991259
288,2023-09-09,21,43,3,0.02152770817783105
289,2024-01-29,8,24,2,0.17797839651696573
290,2024-04-20,14,48,2,0.17289548725562215
291,2024-07-14,26,1,2,0.00271124282525812
292,2024-01-19,28,7,3,0.029668704634758725
293,2022-05-31,75,45,2,0.008927448642583614
294,2023-11-21,33,39,1,0.035154765670389866
295,2024-02-01,37,34,2,0.09704637395123493
296,2022-12-31,49,13,3,0.026871831625498735
297,2024-09-04,10,2,3,0.19679928136385105
298,2023-10-12,10,6,3,0.016175339595542227
299,2024-02-22,3,26,1,0.1787936891146856
300,2023-09-12,64,25,1,0.16869515262085527
301,2024-07-31,18,41,2,0.10012973123732796
302,2022-04-11,10,7,3,0.013209459739580832
303,2022-01-23,36,1,1,0.05740627232802256
304,2023-06-21,14,12,3,0.1381996305175506
305,2022-03-26,75,47,3,0.07759849355034598
306,2022-11-22,86,25,1,0.13264614176536924
307,2022-05-03,45,43,1,0.025699017232543333
308,2023-09-03,27,21,2,0.012778029621629196
309,2022-05-28,49,12,1,0.10321827431450069
310,2024-05-27,7,6,2,0.15046254758470834
311,2023-05-27,42,29,1,0.15789788119458525
312,2024-02-14,79,25,3,0.1871407193336201
313,2022-02-22,39,34,3,0.13063815195034742
314,2024-05-06,90,32,1,0.05841146716415009
315,2024-03-23,70,11,2,0.13103927916330305
316,2023-08-23,1,4,1,0.18525306951490828
317,2024-07-13,31,5,1,0.18429279424278694
318,2024-09-22,72,23,2,0.08765148865275141
319,2022-08-29,71,32,3,0.14504413424327664
320,2022-08-14,43,14,1,0.04790216817127613
321,2023-08-31,89,28,2,0.13019412598058533
322,2024-05-21,88,39,2,0.1611696531791329
323,2022-01-08,76,48,2,0.14017389581472883
324,2022-01-31,5,5,2,0.036658071683030216
325,2024-07-28,12,46,1,0.13058853143991947
326,2024-08-19,100,11,3,0.17975849176844394
327,2022-08-26,68,1,2,0.011307838068877718
328,2023-09-30,78,20,2,0.03844515240485178
329,2023-05-14,99,5,1,0.09282593146108074
330,2023-08-15,86,21,1,0.17944979259651467
331,2024-01-09,31,15,1,0.022548064464459873
332,2024-08-10,56,50,3,0.0219851496725743
333,2023-05-17,65,15,2,0.013478645490935005
334,2022-10-21,53,49,1,0.19156320190037518
335,2023-05-07,57,47,1,0.0036864826261968856
336,2023-04-03,49,13,2,0.05668443823082674
337,2024-03-30,89,28,2,0.11148804351492772
338,2024-06-30,71,7,2,0.07507225847115664
339,2022-08-24,22,31,2,0.01988304200492057
340,2024-09-06,76,23,3,0.17867999782028132
341,2022-07-29,76,15,1,0.02674532667103138
342,2024-07-31,97,8,1,0.046364471213512
343,2024-09-20,36,48,1,0.14259821055906435
344,2022-01-07,87,23,1,0.06899959042010664
345,2023-05-28,67,36,3,0.055687457349005
346,2024-02-06,9,32,1,0.020375861855952415
347,2024-09-03,9,7,1,0.13374271393944878
348,2022-04-04,56,19,3,0.16665265479363442
349,2022-02-07,95,20,1,0.009112942883189845
350,2022-05-14,40,23,2,0.0811537642078914
351,2023-01-22,40,3,2,0.0899021886324468
352,2023-08-18,95,35,2,0.11721938063538724
353,2024-09-16,26,26,1,0.04220476789359587
354,2022-09-26,8,13,2,0.05221244426390779
355,2024-01-16,16,47,2,0.07980469153338197
356,2023-05-08,27,24,1,0.0734253091894056
357,2022-07-25,26,40,3,0.07582817276521939
358,2022-11-13,79,10,1,0.08176022249874913
359,2024-07-24,38,29,1,0.13808388390007828
360,2022-05-02,85,3,2,0.114304582586716
361,2023-12-19,95,7,1,0.0477726776994982
362,2022-12-15,23,1,1,0.04364735590479969
363,2022-03-06,87,40,1,0.10350380355533162
364,2023-07-23,89,34,1,0.06261253375098699
365,2023-10-13,34,48,1,0.125741709164063
366,2022-10-01,8,25,3,0.004791376239567269
367,2023-04-05,22,38,3,0.1077058744475708
368,2022-05-22,71,15,3,0.06741354338954116
369,2022-09-03,100,3,1,0.020351440255361578
370,2023-02-18,58,20,3,0.035653796497198575
371,2023-06-26,9,16,2,0.10119149518456377
372,2024-03-22,48,46,2,0.17994028335899498
373,2022-02-07,33,27,3,0.11317440377772761
374,2023-03-28,44,22,3,0.0738443667209951
375,2022-09-08,9,34,2,0.19165081527274205
376,2022-04-08,53,12,3,0.11810187547713075
377,2023-05-28,20,49,3,0.12443745247061007
378,2022-07-07,84,12,1,0.10442488245180735
379,2023-09-30,36,21,1,0.04591368840822066
380,2023-06-11,66,7,1,0.1686931586350665
381,2023-06-01,64,13,2,0.11991077366523756
382,2024-02-09,34,47,1,0.16342261574333947
383,2022-08-15,32,7,3,0.0815548487903463
384,2022-06-09,64,44,2,0.07957832177736734
385,2024-04-17,56,8,1,0.13820660090003264
386,2022-09-23,41,41,1,0.0002258664742318839
387,2023-04-24,91,44,3,0.12920879272137503
388,2022-01-20,50,3,2,0.06583502310741607
389,2023-05-18,5,11,2,0.15378641707996865
390,2024-08-17,77,29,2,0.19207775727238233
391,2022-12-02,71,17,3,0.009056707959774557
392,2023-08-04,10,35,2,0.07167834355626423
393,2023-02-14,51,3,2,0.032555530032241674
394,2024-05-22,25,47,1,0.0790164067712871
395,2024-04-13,28,47,3,0.17610347349387895
396,2022-03-20,16,3,2,0.04784487882888875
397,2023-09-06,39,14,2,0.11289377088013519
398,2024-06-16,66,36,2,0.09695120399244624
399,2023-06-14,6,38,3,0.1233390843419743
400,2022-09-28,38,27,2,0.09383420759297874
401,2024-06-13,36,33,2,0.03802486440233428
402,2022-10-03,19,21,2,0.011411602724226567
403,2022-01-30,88,14,3,0.07004439796633247
404,2023-05-28,89,27,2,0.07139718084169096
405,2022-01-07,47,30,3,0.1312843167641221
406,2023-09-28,92,25,1,0.19853841889506452
407,2022-04-14,49,33,3,0.12517146996676426
408,2024-01-07,71,44,3,0.11999978164272172
409,2024-06-11,5,17,1,0.08042132404346443
410,2022-05-16,82,49,3,0.055875505509696805
411,2022-04-27,59,48,3,0.11943344936149525
412,2022-09-08,33,49,3,0.1893364759108217
413,2022-01-11,13,24,3,0.0040312070268745835
414,2023-03-26,75,9,1,0.04988488568750829
415,2024-02-11,48,13,2,0.07036462305772513
416,2023-01-02,74,14,1,0.10438855570675415
417,2023-03-19,46,20,1,0.13461918935547937
418,2023-11-17,61,45,1,0.13560797445521752
419,2023-08-27,38,40,3,0.1904072194655078
420,2022-05-20,87,20,3,0.1184727623559228
421,2024-05-06,34,14,2,0.18826287196303293
422,2022-01-01,6,16,1,0.003929973947548149
423,2023-03-25,10,45,2,0.12948339328321176
424,2024-08-10,91,21,3,0.17733870277921954
425,2022-03-02,83,6,2,0.004501613674696237
426,2023-07-18,10,8,1,0.03152101965047347
427,2024-06-25,72,31,3,0.1672715252561796
428,2024-01-14,65,36,3,0.09007977431064812
429,2023-10-23,8,50,2,0.18344521082300047
430,2023-10-04,67,37,3,0.008067087207008173
431,2023-01-24,59,40,1,0.19853392863091168
432,2023-05-23,60,31,3,0.19417129369605957
433,2024-05-07,97,47,3,0.1848979120710636
434,2022-01-22,68,30,2,0.13510924982440856
435,2024-09-22,82,2,1,0.06476782880674346
436,2024-08-04,94,38,2,0.015716429069501416
437,2023-01-24,80,34,3,0.14058445767558828
438,2022-07-06,91,38,1,0.006424954024856322
439,2022-02-06,50,32,3,0.039310427106902315
440,2022-06-27,81,11,3,0.0902570775667283
441,2023-12-12,57,18,3,0.19318253606555927
442,2023-12-04,72,19,3,0.06027378347235468
443,2022-03-24,21,22,1,0.17798822316475196
444,2024-08-25,91,42,3,0.0946198456038137
445,2023-03-30,40,17,2,0.0613366376191915
446,2023-05-28,34,21,1,0.0428027335942212
447,2022-02-24,48,15,3,0.017854801168694447
448,2023-06-10,46,47,3,0.13350542143930233
449,2022-03-26,66,50,2,0.04390898865717259
450,2022-08-07,96,45,3,0.09636186773196559
451,2022-04-20,81,14,2,0.13969960848540447
452,2022-04-25,54,27,1,0.0915843513636041
453,2023-08-08,49,17,1,0.1701992150294448
454,2022-07-27,94,3,2,0.10579204705569215
455,2024-01-15,90,18,2,0.08952018268216827
456,2023-11-16,82,38,2,0.038468589278231026
457,2022-12-12,1,9,3,0.13941939793492872
458,2024-06-14,55,28,3,0.09478633806707003
459,2022-09-10,23,50,3,0.19876913478871477
460,2022-09-11,71,30,3,0.16793551523778566
461,2023-05-19,70,3,1,0.008571280947286698
462,2022-06-03,37,42,3,0.07207938137307111
463,2023-02-07,53,44,3,0.18531549931441402
464,2023-12-26,42,19,2,0.12690556402103698
465,2024-04-29,67,36,3,0.19377888375633626
466,2022-07-11,68,41,3,0.08828934025040047
467,2023-12-19,85,30,3,0.16232319168186146
468,2024-03-01,35,26,3,0.08845907545427395
469,2022-08-06,23,49,1,0.1927383476884641
470,2022-12-14,6,42,2,0.15784839293979902
471,2022-10-02,4,18,3,0.002641821679155343
472,2022-03-23,6,7,1,0.07245550355643858
473,2023-10-10,46,28,1,0.1820622921666157
474,2024-02-04,89,27,1,0.09622277198176375
475,2023-10-18,24,35,1,0.06677057750772353
476,2024-07-21,21,22,1,0.09183711018664815
477,2023-06-12,24,29,2,0.07769259076053277
478,2023-01-11,64,4,1,0.11593472647585253
479,2022-02-15,98,4,2,0.0893140124081594
480,2022-08-06,84,37,2,0.16272206977212691
481,2022-10-18,70,41,1,0.19613309087728492
482,2023-10-25,72,2,1,0.19164601020476413
483,2023-07-10,93,27,3,0.165277590299957
484,2022-08-24,97,32,3,0.005196200629607528
485,2023-05-05,24,19,1,0.038481772847096134
486,2022-04-24,87,20,2,0.06733184388371538
487,2023-03-28,50,37,3,0.14652301434329096
488,2023-10-12,67,29,1,0.009397176228057314
489,2023-08-06,54,20,2,0.10078460965021215
490,2022-09-08,99,33,3,0.004589689746777182
491,2023-04-10,36,22,3,0.15746406944164917
492,2023-02-18,43,25,2,0.178984160106941
493,2023-01-26,83,2,2,0.17018661416911243
494,2022-12-03,39,8,2,0.08449825281959232
495,2022-01-13,4,24,2,0.08261660330925054
496,2022-11-16,52,35,1,0.023242963089073455
497,2023-05-23,51,26,2,0.02594428423382518
498,2022-09-13,6,20,1,0.1016088566548709
499,2024-04-25,42,6,3,0.11690749413209789
500,2023-11-25,99,36,2,0.19154278667855407
501,2024-09-04,92,7,3,0.0926427211009
502,2023-11-08,4,25,1,0.008420559707526466
503,2024-06-01,51,27,3,0.1707256002410602
504,2023-03-23,13,20,2,0.002466375927981157
505,2023-09-21,64,45,3,0.16946110079985177
506,2022-03-27,38,36,3,0.04581987644518151
507,2023-03-14,30,31,1,0.17364088508296366
508,2024-07-03,25,31,3,0.028329779654867784
509,2024-07-25,28,44,3,0.02162592590333903
510,2024-01-04,79,1,2,0.09134077086611364
511,2022-04-10,10,47,2,0.011174374952208056
512,2022-08-05,81,42,1,0.14280532705042384
513,2024-08-24,78,46,2,0.14386229488815036
514,2023-12-20,48,10,3,0.12315977558659075
515,2022-12-17,53,39,2,0.16801362747837523
516,2022-02-14,52,46,3,0.113108304554769
517,2023-12-16,42,38,1,0.16505539275464295
518,2022-06-11,84,38,1,0.15658844249503842
519,2024-02-04,64,15,2,0.05704673301356644
520,2023-03-06,82,50,2,0.07772160523536663
521,2023-08-04,93,6,1,0.17326526967500017
522,2023-08-04,44,37,1,0.06317308480998417
523,2023-11-20,99,7,1,0.0008374304368955699
524,2023-09-04,89,17,1,0.19809940415451047
525,2022-07-15,72,28,1,0.10505902628508741
526,2022-09-05,65,11,1,0.08153841906948822
527,2024-07-04,47,10,3,0.08082478063489776
528,2024-06-21,17,28,3,0.1988376407464933
529,2024-08-04,58,25,3,0.09453926048875289
530,2023-11-19,56,30,2,0.10552410646394886
531,2024-08-12,38,26,3,0.04303263931706167
532,2023-08-15,12,3,3,0.08003670892724608
533,2024-05-22,47,12,3,0.071798356487198
534,2022-12-30,24,42,3,0.1839970433676166
535,2022-01-07,67,10,1,0.19909052180649778
536,2022-12-18,50,12,1,0.08050663408819399
537,2022-09-29,73,22,3,0.13037931693011656
538,2023-08-31,73,44,3,0.11389103740129738
539,2022-01-31,87,44,1,0.11396926575195265
540,2022-03-24,22,7,3,0.035361279107619284
541,2022-05-08,45,45,2,0.10090946995048873
542,2023-03-07,18,20,1,0.07328598766315315
543,2023-04-10,70,8,2,0.1709782703829107
544,2022-05-13,88,1,3,0.017983999582580634
545,2022-07-16,74,7,3,0.05255283790756431
546,2024-07-10,48,46,2,0.13878058771454813
547,2023-09-01,95,2,3,0.06683217303304126
548,2023-10-24,15,42,2,0.147379161899302
549,2022-03-12,100,36,1,0.12337499096360074
550,2022-06-12,50,26,2,0.09485047112935324
551,2024-07-20,15,6,1,0.17604909608669012
552,2023-06-24,90,25,2,0.0894387383450081
553,2023-08-28,32,7,1,0.04218689535501814
554,2024-05-30,50,46,3,0.04633567573974917
555,2022-12-22,54,9,3,0.1752297537115342
556,2022-09-12,34,4,3,0.19477601732552016
557,2022-06-10,54,18,2,0.052372332324095355
558,2024-06-18,19,15,3,0.04450918685385572
559,2024-01-16,23,1,3,0.15008770974336386
560,2022-02-26,74,42,1,0.09322389961530937
561,2023-04-15,14,1,2,0.04196483753140756
562,2022-05-15,11,37,3,0.1105510073011947
563,2024-06-17,88,2,1,0.10305148802995641
564,2022-03-14,84,49,2,0.015580142803050579
565,2024-05-02,34,12,1,0.03107884311617313
566,2024-09-11,30,45,1,0.045149256221055506
567,2023-06-06,32,7,2,0.11968698467060222
568,2022-04-09,6,13,3,0.04936681097944145
569,2022-03-21,83,29,3,0.13010535210382432
570,2023-02-07,23,34,3,0.06292509548463812
571,2023-05-18,13,40,1,0.15325068563649197
572,2022-12-06,56,49,2,0.0031222422959006346
573,2023-09-30,2,38,2,0.04279668323935724
574,2022-08-03,44,39,3,0.13302967136494642
575,2023-09-06,24,8,2,0.052515298861270154
576,2024-01-14,37,42,3,0.05878762137411511
577,2023-08-31,59,49,1,0.09702756363239995
578,2024-01-20,23,7,3,0.0818180122402433
579,2022-08-31,16,7,1,0.06797333807192663
580,2023-02-07,42,41,2,0.17286021394303022
581,2022-01-26,17,1,2,0.14975904783494473
582,2024-02-08,85,1,3,0.1015460148971062
583,2023-05-10,87,49,3,0.02047207039511021
584,2023-10-01,66,5,3,0.024830189196596922
585,2022-06-02,38,38,1,0.05965933225944087
586,2024-07-30,68,13,3,0.007499837374543717
587,2022-12-13,91,28,1,0.1414094281786077
588,2024-04-14,48,46,3,0.10854094151215384
589,2024-06-09,19,3,1,0.1316986236675217
590,2023-05-11,15,15,3,0.0477993388815962
591,2024-07-27,76,26,2,0.1117316280826415
592,2024-07-10,73,46,2,0.11383695450552489
593,2023-12-12,17,34,1,0.15295132585758697
594,2022-04-12,97,5,3,0.021878783594684117
595,2022-06-30,43,16,2,0.0017031818627676332
596,2022-12-05,4,36,3,0.14728949887269166
597,2022-01-06,52,28,3,0.17697175341632088
598,2023-10-25,18,34,2,0.07796562495033571
599,2022-06-17,65,9,1,0.024057600552068893
600,2024-07-19,6,17,2,0.032619937919187936
601,2024-06-05,84,16,1,0.08317623955184093
602,2023-10-20,10,7,1,0.19354890311859146
603,2023-07-14,4,48,2,0.015672104093492092
604,2022-07-16,88,49,2,0.15199239160995728
605,2024-04-25,60,37,2,0.1496736648279515
606,2024-09-25,4,44,2,0.011067434342334481
607,2022-09-25,94,34,3,0.1901842168448294
608,2022-06-12,54,36,2,0.12126965375653816
609,2022-07-28,65,5,2,0.047204325393293584
610,2022-02-18,30,14,2,0.19983791213161553
611,2023-04-10,91,1,1,0.19297637507305151
612,2023-01-20,80,30,1,0.036588386774026094
613,2023-07-06,48,41,3,0.09614142005939397
614,2023-12-10,51,36,1,0.12235792494959324
615,2022-02-08,26,36,2,0.116275848137148
616,2022-07-02,38,9,2,0.08920343526033857
617,2022-08-26,4,44,1,0.10083475931258262
618,2022-03-24,24,27,1,0.0949386646140436
619,2024-06-19,90,27,2,0.04423629552460893
620,2023-05-21,97,28,2,0.13431753547500377
621,2023-03-14,20,41,3,0.100589468131818
622,2024-05-01,87,28,3,0.007888749999084333
623,2023-06-21,74,47,1,0.16500444255389712
624,2024-03-06,77,44,1,0.07027963088198737
625,2023-07-06,12,16,2,0.13152934815505132
626,2024-02-23,97,16,1,0.11178149906588813
627,2022-09-29,10,8,3,0.16211897681962903
628,2024-04-26,21,22,1,0.09005908346777601
629,2024-09-17,39,5,2,0.056077910233773336
630,2022-04-09,41,4,2,0.13199806044368154
631,2022-08-29,70,37,3,0.12294654332947737
632,2023-12-18,17,13,3,0.014926300674498294
633,2022-12-18,5,45,3,0.05508532815436806
634,2023-06-08,1,47,1,0.15302220732814742
635,2023-10-20,9,50,1,0.03885732858642974
636,2022-04-19,80,42,2,0.16946097824449274
637,2023-11-09,98,46,2,0.09623977393862325
638,2023-05-01,4,5,3,0.14209065034476878
639,2022-07-06,63,39,1,0.061660439233336195
640,2024-06-24,76,32,3,0.09479046446048059
641,2023-02-21,71,36,3,0.06003765367339456
642,2022-06-29,73,10,3,0.15564264999028088
643,2022-08-19,12,24,3,0.16033095514312673
644,2022-07-09,86,32,3,0.009547710193051562
645,2022-07-31,25,45,2,0.1376651594620471
646,2022-01-06,11,36,1,0.09455610888671191
647,2022-06-11,1,40,1,0.18313187125308988
648,2024-07-21,95,12,2,0.19940403483623725
649,2023-09-26,96,45,3,0.10340666476715128
650,2022-01-03,3,17,1,0.131310493289371
651,2023-11-18,31,11,2,0.02791216471268574
652,2024-07-03,66,7,1,0.033350906442641895
653,2022-01-02,33,42,2,0.07465414520306948
654,2022-09-24,97,9,2,0.14444919942825094
655,2023-02-21,91,4,3,0.18672318487449852
656,2022-04-01,77,17,3,0.16474360394701423
657,2023-06-21,65,31,1,0.07467129794839096
658,2024-02-23,75,44,2,0.010487739390504004
659,2023-01-30,8,29,2,0.12881339151955168
660,2022-01-20,10,25,3,0.020753011351881415
661,2022-01-24,78,38,3,0.1959142911977316
662,2023-07-30,81,31,1,0.12808348794304522
663,2022-01-08,97,1,2,0.09453103910489867
664,2022-01-04,16,47,1,0.05245438091643511
665,2022-03-26,80,33,1,0.034792699028128427
666,2022-06-13,88,39,2,0.05700986229373553
667,2022-07-08,52,6,3,0.0222229139916059
668,2023-08-08,65,5,3,0.007182352679829651
669,2022-09-17,50,35,1,0.1803089459020211
670,2023-07-09,28,19,2,0.036017550789235346
671,2024-06-19,72,40,2,0.0846469298282482
672,2024-06-20,97,36,2,0.10376559433804211
673,2024-07-01,5,50,2,0.06524098733062582
674,2022-10-15,5,30,2,0.05011054518227254
675,2023-10-12,38,31,2,0.06089176807552661
676,2022-05-07,83,20,1,0.11806895673542302
677,2022-09-17,21,46,1,0.1392516067294232
678,2023-05-21,51,7,1,0.15896583665076236
679,2022-07-05,50,1,2,0.016847302856041857
680,2022-09-08,96,10,1,0.09253582364228075
681,2024-03-02,90,5,1,0.006605539397837546
682,2023-01-20,92,1,1,0.168900758668548
683,2023-01-29,2,30,3,0.01713389455938692
684,2023-03-05,27,5,1,0.07782545231517601
685,2023-05-02,20,1,2,0.05644746222125514
686,2024-01-16,47,45,3,0.15474015443162364
687,2022-01-06,18,14,3,0.014882467497717556
688,2024-02-19,43,8,2,0.08498534557171918
689,2023-06-14,9,27,1,0.07482519761604378
690,2022-12-01,24,45,1,0.003262262711975983
691,2023-07-27,45,14,3,0.11937838570325612
692,2022-06-05,94,5,3,0.186232096229991
693,2022-12-05,14,4,2,0.10137336451322894
694,2024-05-26,18,42,2,0.13514031087696643
695,2022-04-27,69,9,2,0.12470970738777759
696,2022-03-31,23,10,3,0.07310123633834631
697,2022-09-30,52,7,1,0.14743092641548802
698,2023-02-12,28,8,3,0.0769375696292683
699,2024-08-10,35,4,2,0.04256749237671467
700,2024-07-23,49,42,2,0.10822450511619973
701,2022-06-12,91,27,2,0.11784031299233991
702,2022-04-22,98,44,2,0.022460342522973045
703,2024-08-12,17,14,3,0.04720048446976351
704,2023-12-13,58,18,3,0.08107810728288067
705,2022-12-09,80,46,2,0.12294741189418895
706,2023-12-28,100,15,2,0.06695414575320498
707,2022-04-23,10,5,2,0.10574423035804359
708,2022-08-16,86,12,2,0.009509045380949899
709,2022-12-09,85,41,3,0.09537555071748026
710,2023-07-30,60,45,3,0.18883192674674262
711,2023-07-21,4,43,3,0.1289494906863884
712,2024-01-10,96,28,2,0.140374510048796
713,2023-10-12,22,15,3,0.08877829875027783
714,2024-07-17,92,39,3,0.11991919698070885
715,2022-07-06,21,10,3,0.03274783135586606
716,2022-11-30,68,10,3,0.05760661558728728
717,2024-08-02,43,26,3,0.06356760011723746
718,2024-07-16,51,3,1,0.11967694618739831
719,2023-02-18,1,29,2,0.16976317886196482
720,2022-07-13,53,38,1,0.06214175474821093
721,2024-06-18,30,42,3,0.16548002128901593
722,2024-08-03,29,33,3,0.19018341671254335
723,2023-12-04,68,12,1,0.09371165175748064
724,2024-04-28,40,10,3,0.025660019732707175
725,2024-08-24,54,31,1,0.1575635704846199
726,2023-12-09,70,22,3,0.19223681273761953
727,2024-03-09,60,47,2,0.1468602513490252
728,2022-09-03,68,49,2,0.0582601189325602
729,2023-02-12,27,40,3,0.1842564106607215
730,2022-07-02,25,18,2,0.07428945002619335
731,2024-01-31,16,16,3,0.167203261350317
732,2022-10-15,77,14,1,0.07628229696722273
733,2023-03-09,28,33,1,0.09545116877525145
734,2023-10-19,59,14,1,0.14511515327263716
735,2022-12-15,91,17,1,0.0068252492538536606
736,2023-12-27,10,7,2,0.15976113876305467
737,2024-04-20,55,17,1,0.19149473466352873
738,2023-10-25,52,22,2,0.01300896801274709
739,2022-10-18,82,44,1,0.1890207130344923
740,2022-08-05,16,25,2,0.10745394414421608
741,2024-09-03,63,25,3,0.15966826952995128
742,2024-03-21,65,19,1,0.1682610356548329
743,2023-07-28,86,20,1,0.16331416416693148
744,2024-07-27,57,44,2,0.1662700271704618
745,2022-01-11,100,7,1,0.1341047729420298
746,2023-04-15,75,13,1,0.15106727272278264
747,2022-08-13,51,25,1,0.14496103531076215
748,2023-12-31,18,2,3,0.027675598407119886
749,2023-09-29,16,5,2,0.01176827888169716
750,2023-04-14,97,50,2,0.07081725456094108
751,2024-08-26,59,7,1,0.023980085819380895
752,2023-10-04,30,10,3,0.0775479496547838
753,2022-09-07,88,6,2,0.07254892646827009
754,2024-09-11,87,50,2,0.16928713311656465
755,2022-01-08,10,18,3,0.010827330732695617
756,2023-12-31,82,16,1,0.004413356261391122
757,2024-05-25,38,21,3,0.1610198691994844
758,2022-12-21,52,34,3,0.14056107787790412
759,2023-01-02,16,27,3,0.005824600692847759
760,2024-06-24,23,17,2,0.14551745897794702
761,2024-04-01,80,47,3,0.008589243677151881
762,2023-09-18,91,30,1,0.06145210955783986
763,2024-05-27,94,6,1,0.15412266562429022
764,2022-04-07,3,27,2,0.06207618678531304
765,2024-02-21,95,33,2,0.06228304494377357
766,2022-09-05,57,41,3,0.04977571628993669
767,2022-04-26,77,29,3,0.02578522645475805
768,2022-02-04,25,15,3,0.009913777078273678
769,2024-03-03,48,28,1,0.01771804444363292
770,2023-03-24,33,14,1,0.13800621814874525
771,2023-02-19,25,3,2,0.01773599118866176
772,2023-07-29,24,20,1,0.19795519169918385
773,2023-11-19,84,10,2,0.07256104605089257
774,2023-02-23,37,11,1,0.15762029299655386
775,2022-03-07,29,40,2,0.18898333365128966
776,2024-05-11,82,39,2,0.08905983796353674
777,2024-04-29,30,37,1,0.059180204484826
778,2024-08-13,79,12,2,0.15609151024245563
779,2023-10-13,15,6,3,0.06179041006335095
780,2024-05-05,85,20,3,0.03704871285391349
781,2022-08-10,68,50,2,0.06640892334269347
782,2023-06-28,70,36,2,0.1640959139468205
783,2022-06-24,35,6,1,0.1822794754525571
784,2023-10-10,75,11,2,0.1109407421679025
785,2022-03-15,6,50,1,0.11941494512580855
786,2022-11-06,43,45,1,0.11025225271692887
787,2022-08-29,14,32,1,0.12425014973358262
788,2022-05-31,53,50,3,0.16858066359269197
789,2023-07-24,7,37,1,0.046029891587998244
790,2022-12-27,46,34,2,0.0810806950654107
791,2024-06-22,92,46,3,0.06047360128096757
792,2022-10-19,99,19,2,0.10072861796271022
793,2022-05-30,72,16,3,0.1865724546852664
794,2024-04-16,89,46,2,0.19317190922269203
795,2023-12-06,38,4,3,0.1958157271369215
796,2023-12-15,37,31,2,0.11503029122317354
797,2022-02-23,36,15,1,0.1632214337496498
798,2024-01-26,44,18,2,0.04290269700079585
799,2023-02-08,8,36,3,0.12107277827363952
800,2022-09-21,43,50,2,0.020824080665159308
801,2023-10-17,55,10,2,0.005799909920127489
802,2022-05-06,57,45,3,0.05633567666932256
803,2023-06-26,52,27,2,0.009187835454195303
804,2022-04-16,14,41,3,0.17148227341381225
805,2024-01-21,77,50,2,0.11784434340049287
806,2023-01-01,75,42,1,0.09813629267657194
807,2023-11-17,52,11,3,0.008154784299920182
808,2023-03-26,8,35,1,0.07360501473269913
809,2024-02-07,58,15,1,0.03689306782693307
810,2024-09-02,67,34,3,0.02353016097573517
811,2023-03-09,39,29,2,0.16700030969000146
812,2022-05-04,27,6,2,0.12854532068534605
813,2022-12-15,67,24,3,0.08628349446034417
814,2023-01-29,70,18,1,0.09239325546425133
815,2022-07-23,60,6,2,0.012820958762584156
816,2023-06-25,23,36,2,0.08478319468813587
817,2024-03-06,21,1,1,0.06305079412275823
818,2024-03-24,86,30,2,0.13663658858696878
819,2022-09-07,33,3,3,0.1588824860799094
820,2024-07-12,65,40,1,0.07469868038330203
821,2024-05-03,17,16,1,0.17859729492604362
822,2023-12-12,56,36,2,0.17883263589098444
823,2022-09-26,51,33,1,0.021092678638180897
824,2024-03-21,71,31,3,0.0443577259924858
825,2022-11-15,90,22,1,0.18353816456473449
826,2024-02-19,57,18,2,0.07665823706882224
827,2024-04-11,28,14,3,0.18130858063525038
828,2024-07-27,26,32,2,0.06843491643137214
829,2023-09-29,65,1,1,0.13132292503938783
830,2024-09-21,33,38,3,0.04774764004830312
831,2024-06-04,81,21,1,0.16084308459304358
832,2024-06-08,80,46,2,0.057425693726245466
833,2023-12-26,96,49,1,0.16004858128992142
834,2023-08-16,18,3,2,0.13481053576541988
835,2023-02-16,47,12,1,0.15424693334817544
836,2023-01-12,68,12,2,0.1556747314123502
837,2022-07-31,42,49,2,0.1359531104734278
838,2022-10-07,47,46,3,0.11806774472046487
839,2024-09-14,21,23,1,0.1470286356260179
840,2023-03-23,42,16,3,0.09040164823771801
841,2022-01-20,36,50,3,0.05577807493617706
842,2023-04-23,36,35,3,0.0423054598150151
843,2024-01-09,33,15,1,0.010985369529412604
844,2023-05-05,33,24,3,0.08126397252874173
845,2023-05-02,66,11,2,0.16596499322866265
846,2024-06-27,85,6,3,0.006848769172915926
847,2024-03-04,82,2,2,0.188388461517596
848,2024-01-29,9,18,2,0.1406432531766573
849,2024-09-22,98,2,3,0.11079552013885614
850,2022-05-25,25,1,2,0.19825979325612322
851,2022-10-17,60,3,2,0.1922572109385986
852,2022-09-25,52,45,3,0.19936381120224628
853,2023-11-19,78,18,2,0.05149051013773183
854,2023-07-10,9,39,3,0.16198339587883892
855,2023-03-13,94,30,3,0.08340209547281996
856,2022-05-02,48,16,1,0.02880842836296973
857,2023-12-24,44,16,2,0.14584247413510387
858,2024-08-22,43,39,2,0.0007186272840935537
859,2022-12-27,10,17,2,0.09925922882982058
860,2024-02-22,87,13,2,0.19711460001635547
861,2023-05-10,36,49,3,0.15184940412383868
862,2023-08-21,57,23,1,0.13433099385231584
863,2023-03-15,66,22,1,0.14611655416006208
864,2022-07-12,5,22,1,0.12209013906247868
865,2022-02-11,6,12,1,0.016763934750886913
866,2022-03-02,14,31,3,0.08275304586859358
867,2023-03-17,28,29,1,0.06301183862336733
868,2024-04-17,19,49,1,0.04368496289162607
869,2024-07-27,16,34,1,0.11631368490902297
870,2022-12-18,9,27,3,0.11051658056331654
871,2024-06-24,88,39,3,0.06653099393458468
872,2023-10-12,23,22,1,0.13086340518115155
873,2023-05-16,32,17,2,0.17190459508954506
874,2023-08-11,56,46,2,0.04672024544103326
875,2023-07-21,11,32,3,0.17283519303555098
876,2023-05-22,87,41,2,0.14469068721598996
877,2023-10-30,25,42,2,0.12885068304542432
878,2024-04-03,34,22,2,0.006818071910444901
879,2022-02-19,81,5,3,0.05988962422539177
880,2023-01-17,4,13,1,0.06528369017594564
881,2023-04-08,11,23,1,0.0728552333897282
882,2022-10-09,44,16,1,0.07809842926974975
883,2022-01-27,4,44,2,0.0014830240593163514
884,2022-05-23,56,43,3,0.17467719460727105
885,2024-06-26,77,29,2,0.1610944116798223
886,2024-09-01,46,32,1,0.11823374851529828
887,2023-06-07,94,6,1,0.11762911114070809
888,2024-01-04,14,13,2,0.027616685958776713
889,2023-05-26,31,9,3,0.1717310520949094
890,2022-03-15,63,28,2,0.014290727696313212
891,2023-04-15,71,28,1,0.029212041888581466
892,2022-05-01,56,14,2,0.057798496084901334
893,2022-03-30,40,33,3,0.04623513048096295
894,2022-02-19,72,12,3,0.14735241311672695
895,2024-02-10,13,33,1,0.1301408866714075
896,2024-03-30,67,13,3,0.1408943963066005
897,2022-05-23,98,13,1,0.04997548541604329
898,2023-10-31,62,35,3,0.10257413944530956
899,2023-02-19,50,31,3,0.13891763276270833
900,2022-09-16,99,48,2,0.11905581557828371
901,2022-08-02,32,43,1,0.0707666684805536
902,2022-11-28,24,31,3,0.12668899530664385
903,2022-07-11,70,27,3,0.03734923231904717
904,2024-06-11,82,32,1,0.0575151721653195
905,2022-12-24,6,36,1,0.15259558004226845
906,2023-08-28,91,17,1,0.1754696345394649
907,2022-12-22,23,18,2,0.17598175730173304
908,2022-09-16,55,30,1,0.10105217355184795
909,2024-08-22,41,40,2,0.10262541525947842
910,2022-06-12,4,18,2,0.19519123612642494
911,2023-01-16,37,17,3,0.09505254191581228
912,2022-11-29,51,31,2,0.021478211817215057
913,2024-06-12,29,9,1,0.0646793156228704
914,2024-09-20,56,44,2,0.1339370212925858
915,2022-12-11,44,49,1,0.0532358311816245
916,2022-08-13,60,12,1,0.08472139274250119
917,2022-01-11,67,35,1,0.1447429958770957
918,2022-12-14,18,5,1,0.11387472315930161
919,2024-02-29,61,16,1,0.132572012390002
920,2024-01-28,54,24,3,0.010545480430950072
921,2023-08-13,63,18,2,0.12737409974548028
922,2023-02-11,15,23,2,0.09834872485236174
923,2022-02-24,73,28,3,0.0931918008541357
924,2024-02-10,96,12,1,0.1482131676850459
925,2023-12-18,84,8,2,0.10243029153105841
926,2023-04-28,40,31,1,0.19572825722739373
927,2023-05-04,96,8,2,0.14119073690454081
928,2023-01-02,80,35,2,0.049281530607406726
929,2022-12-31,28,32,3,0.12540621359604573
930,2022-02-27,9,46,2,0.17006902584951666
931,2022-07-13,66,36,3,0.036894525574680336
932,2022-06-17,93,6,1,0.1637645618058099
933,2023-12-19,18,3,3,0.018872754081501866
934,2022-11-25,28,27,2,0.10739148662628661
935,2024-01-28,1,42,1,0.038422882402416564
936,2022-01-14,15,49,1,0.11370629079981859
937,2023-11-11,93,31,2,0.1534369635313557
938,2024-05-01,34,16,2,0.09608485499472846
939,2024-09-11,95,3,1,0.19132573472936348
940,2022-11-06,41,20,2,0.03159527235508164
941,2023-01-14,93,44,1,0.041686111899083333
942,2022-10-11,31,35,2,0.060278280216845274
943,2022-01-25,5,3,3,0.012410050039734567
944,2024-09-04,11,50,1,0.002109948981773657
945,2022-02-08,95,8,3,0.03474796650644303
946,2023-01-22,80,13,1,0.1029110554558792
947,2022-05-02,42,18,3,0.14032736196277218
948,2022-01-24,11,19,2,0.1911159201511462
949,2023-09-23,17,25,2,0.1648324385979483
950,2022-09-19,40,18,2,0.18780445716694202
951,2022-01-25,60,38,3,0.12404368079560744
952,2024-04-14,90,28,2,0.14141348106278134
953,2022-01-26,83,10,2,0.14894325666307992
954,2024-04-23,20,49,1,0.08821443175327798
955,2022-07-03,16,9,2,0.10009422566933351
956,2022-09-09,46,27,3,0.15543096056242744
957,2022-04-24,25,48,2,0.13090205075516223
958,2023-01-23,23,33,1,0.12131031113475427
959,2022-09-23,23,49,3,0.0861362597461669
960,2024-01-08,62,44,2,0.09137060291695012
961,2022-12-21,96,3,1,0.022801275561169065
962,2022-11-10,18,43,1,0.11749664221032813
963,2023-06-30,84,22,3,0.181768662589732
964,2023-06-16,21,9,1,0.04134224277835877
965,2023-10-07,92,37,3,0.06444470635279863
966,2023-06-11,46,21,2,0.16798645864925632
967,2023-05-30,56,15,1,0.12116847345137877
968,2023-01-14,100,7,3,0.19025113690756768
969,2023-12-03,72,42,1,0.1951694903048915
970,2023-01-24,98,2,1,0.08034116218709336
971,2022-04-26,97,11,1,0.18132367448465406
972,2023-11-13,2,31,1,0.13824875355370178
973,2023-08-27,73,45,1,0.01791846267343702
974,2022-08-30,57,41,3,0.11807845533939312
975,2023-01-18,11,13,3,0.18196254166796744
976,2022-11-08,12,39,1,0.11442035172300898
977,2022-05-23,37,28,3,0.15648609450135534
978,2024-02-02,3,29,2,0.03583520163375538
979,2023-11-06,63,14,2,0.14172789458034565
980,2023-09-16,93,11,3,0.04900742390185384
981,2022-05-27,10,5,1,0.007195453215371961
982,2024-06-07,60,41,1,0.05580815571933504
983,2023-03-07,100,9,3,0.014045077252080552
984,2022-10-02,25,21,3,0.15346821853701303
985,2023-09-17,98,40,3,0.04223335390817143
986,2023-02-17,23,5,3,0.1590344899675352
987,2023-03-10,87,46,1,0.18954593061844444
988,2022-09-07,59,25,3,0.15171483683891174
989,2023-12-19,59,45,2,0.16424009853890525
990,2023-08-05,37,15,3,0.11865655545508631
991,2024-08-03,39,47,1,0.00455399656590656
992,2022-11-23,82,14,3,0.1468242358961188
993,2024-02-11,28,3,1,0.02811464705412574
994,2022-01-15,75,4,3,0.09571014935280549
995,2022-02-23,95,9,2,0.16745636542872105
996,2023-08-25,9,31,1,0.08048929985365078
997,2022-05-03,89,46,2,0.026898259134947568
998,2023-07-09,55,12,3,0.06405978132752706
999,2023-03-25,93,5,3,0.0011250252988513011
1000,2022-06-07,8,43,2,0.1777031912762077
1001,2023-03-01,24,40,2,0.1932132574638172
1002,2024-06-12,7,42,2,0.17865087489575238
1003,2022-02-06,99,50,3,0.061525475469196095
1004,2024-04-03,14,2,1,0.09858469906368326
1005,2024-09-01,1,12,1,0.07289666194575868
1006,2022-06-13,97,12,1,0.05850121269929434
1007,2023-10-21,89,33,2,0.19821115555794647
1008,2024-04-10,99,24,1,0.14719648937608396
1009,2023-09-24,67,26,3,0.11846910225145174
1010,2022-08-15,93,29,1,0.0767310032133824
1011,2022-06-07,58,15,1,0.06221938448862081
1012,2024-01-12,19,26,3,0.008425270447291999
1013,2023-05-11,66,30,1,0.05731145788607759
1014,2022-07-31,26,47,2,0.09655533709366469
1015,2023-09-12,26,44,2,0.10186386074674464
1016,2022-06-20,75,7,3,0.1806865778972615
1017,2022-11-23,70,29,1,0.00829776526772139
1018,2023-01-15,100,21,2,0.07404499849187994
1019,2024-06-29,74,24,1,0.19249895306946255
1020,2023-07-02,39,26,1,0.05768778331030955
1021,2024-07-06,64,49,2,0.18452545453142058
1022,2023-04-30,67,10,1,0.05400248601020788
1023,2022-12-11,89,43,2,0.06101932499426872
1024,2023-04-09,25,16,2,0.14093746612110908
1025,2022-08-09,67,36,3,0.09634187217913932
1026,2024-09-25,76,15,2,0.07855380527891123
1027,2022-12-13,28,41,1,0.03697355276213874
1028,2022-08-02,30,20,2,0.13223226375803412
1029,2022-05-14,28,36,2,0.035660161920989954
1030,2022-05-17,72,16,1,0.16563063876826467
1031,2022-06-26,18,27,1,0.17643959277056465
1032,2023-05-15,50,3,3,0.1579764822519074
1033,2022-01-24,66,20,2,0.014187730432600977
1034,2024-01-19,6,11,1,0.026638596336930734
1035,2023-01-03,16,43,2,0.136569325018331
1036,2023-05-06,18,36,3,0.16732078207535236
1037,2022-11-03,23,11,1,0.008370533556161975
1038,2023-09-17,35,1,2,0.16831993964051659
1039,2023-12-21,1,28,3,0.016747432787241844
1040,2023-11-18,86,16,3,0.03997241883910605
1041,2024-02-04,38,9,3,0.04047698258166135
1042,2024-03-08,66,35,3,0.1803963276197792
1043,2023-04-08,32,37,1,0.18391148093820525
1044,2022-11-15,41,30,1,0.16993538956698256
1045,2023-02-02,83,18,1,0.06485324440055805
1046,2022-04-15,38,36,3,0.15810056436451528
1047,2022-09-14,22,29,2,0.14879883933280166
1048,2024-09-16,53,50,3,0.0029462391605035833
1049,2023-10-29,100,24,1,0.16300162187035763
1050,2022-12-10,8,24,3,0.15944623640282152
1051,2024-08-16,10,22,3,0.03915868242677863
1052,2023-08-01,1,2,3,0.1998695889407811
1053,2023-08-09,48,20,1,0.17616251000045524
1054,2022-03-20,52,5,3,0.1824119821507002
1055,2024-08-30,13,8,3,0.011231715609249383
1056,2022-11-06,7,4,2,0.15698485559770814
1057,2022-10-27,22,19,1,0.16529316554155693
1058,2023-08-06,54,30,1,0.0006894483132815932
1059,2022-09-23,98,30,1,0.0146149688261622
1060,2023-07-20,56,14,1,0.1526524068525925
1061,2023-10-06,74,27,2,0.1974213289138987
1062,2024-08-14,3,27,3,0.03416263956796852
1063,2024-05-08,36,2,3,0.02094045038600614
1064,2022-08-16,80,31,1,0.018194623834845203
1065,2024-07-27,73,22,3,0.16944043875126583
1066,2022-05-14,52,43,3,0.08355780008994942
1067,2022-04-04,37,32,3,0.08009839663013517
1068,2023-04-03,13,11,2,0.1946447394255565
1069,2023-02-08,77,31,1,0.09773660462864515
1070,2024-05-05,97,4,3,0.023327605922007534
1071,2022-11-08,52,14,2,0.13935181303450653
1072,2022-12-22,94,48,1,0.0616737737259909
1073,2022-01-22,81,41,2,0.08265633726287498
1074,2022-05-26,92,42,2,0.1871418448112265
1075,2023-11-26,29,16,2,0.1959960835890402
1076,2024-03-31,12,14,3,0.12625802185381393
1077,2024-08-18,57,19,2,0.1326984424383417
1078,2023-12-20,14,37,3,0.11355240934581277
1079,2023-06-23,54,44,1,0.08400183991408078
1080,2023-08-23,59,24,2,0.024598957700456194
1081,2024-01-20,83,38,3,0.04871151773746081
1082,2023-07-18,43,4,2,0.014495355704879942
1083,2022-10-17,64,15,3,0.1527512479734896
1084,2023-05-24,91,12,1,0.09713967298535127
1085,2023-09-10,52,11,3,0.00738476697075392
1086,2024-07-18,57,33,2,0.0006383323924690876
1087,2023-01-03,62,46,2,0.09813037397678825
1088,2024-05-07,76,9,2,0.0494885280844819
1089,2023-07-25,96,13,3,0.08640107748524538
1090,2023-01-26,8,34,1,0.14260242134296763
1091,2024-04-09,14,24,1,0.0887840736867257
1092,2024-08-03,79,36,2,0.04854452639551435
1093,2023-07-23,67,27,2,0.11918173351734605
1094,2024-02-28,82,36,2,0.04758395264512332
1095,2022-12-03,95,5,1,0.104485725774567
1096,2022-07-26,59,45,3,0.07396688190435234
1097,2022-08-14,91,27,3,0.07329165221308523
1098,2022-12-27,72,46,3,0.08878052066060096
1099,2024-03-03,22,6,3,0.11561152330866734
1100,2023-01-29,49,32,3,0.054411610617745534
1101,2024-05-29,37,40,1,0.11811557244062985
1102,2023-02-23,21,23,3,0.0234256573786227
1103,2023-10-30,70,1,3,0.17659888963799444
1104,2023-05-06,75,40,2,0.1962473769166731
1105,2024-03-27,60,25,2,0.03575177442657764
1106,2022-11-22,35,17,1,0.06233704333635062
1107,2023-02-12,62,45,3,0.05006701622900194
1108,2024-06-25,24,13,3,0.00801781783244353
1109,2024-06-05,53,7,3,0.043055909743247515
1110,2023-06-06,67,47,1,0.03392787497119796
1111,2022-07-30,39,8,3,0.08476677018161156
1112,2022-04-25,51,15,3,0.15215384107977728
1113,2023-11-22,64,40,1,0.045686588291237666
1114,2022-01-17,1,13,2,0.02222087464465683
1115,2022-06-04,33,39,1,0.0938463043722013
1116,2022-09-04,73,46,2,0.1301456617317403
1117,2024-04-09,61,27,1,0.13972433804421078
1118,2024-08-11,46,49,3,0.16416796751678508
1119,2024-09-27,75,26,1,0.0773664680976703
1120,2022-03-13,60,10,3,0.08568523594110658
1121,2023-11-20,82,34,3,0.056198570127798456
1122,2024-05-30,45,29,2,0.03414028196712487
1123,2023-09-21,6,46,2,0.07001867182517381
1124,2023-05-04,44,50,3,0.09148342382760329
1125,2022-10-26,26,10,1,0.18161903084788072
1126,2024-01-26,46,28,1,0.08852760236933575
1127,2024-07-16,14,44,3,0.18669728882022546
1128,2022-03-26,31,43,1,0.01991086062484029
1129,2024-07-30,48,40,2,0.07218168501083029
1130,2023-02-03,84,40,1,0.04059778006504525
1131,2023-08-15,48,8,1,0.09430898317876808
1132,2024-01-27,95,43,1,0.052814102330004525
1133,2024-05-14,8,17,3,0.1835393555531089
1134,2022-11-28,44,4,3,0.07078237689495906
1135,2022-02-03,86,1,2,0.011135103223360799
1136,2022-05-02,40,35,2,0.029952176807692334
1137,2023-06-12,95,5,2,0.16017306194837877
1138,2023-03-26,89,50,1,0.05132257173402926
1139,2023-09-22,17,40,2,0.08206973099615478
1140,2022-04-13,96,24,2,0.1161589744197938
1141,2022-04-18,7,42,2,0.17071524958539686
1142,2023-09-03,14,31,1,0.10047288066598253
1143,2022-12-25,7,27,2,0.1198255331299984
1144,2023-06-03,44,39,1,0.12804393016447435
1145,2022-07-31,65,13,1,0.13106435982459447
1146,2023-09-10,78,21,1,0.15880282507563004
1147,2024-07-28,74,1,1,0.001440069943213218
1148,2022-10-27,3,22,1,0.18405426128901262
1149,2022-12-01,79,9,3,0.1402981759481022
1150,2022-12-19,31,2,3,0.11440457629088946
1151,2023-12-19,10,6,3,0.04648541263040915
1152,2022-09-28,39,29,2,0.17778764371112327
1153,2024-02-15,63,39,3,0.07073213341333862
1154,2023-10-06,65,38,3,0.06587005196722162
1155,2023-03-16,71,19,1,0.14516229858857174
1156,2023-04-21,67,35,3,0.1258951314628252
1157,2024-05-06,62,48,2,0.06443826223014153
1158,2022-07-09,85,24,1,0.07873468662662697
1159,2023-09-08,33,3,2,0.09678780647317092
1160,2022-12-15,22,7,1,0.03612474712892122
1161,2024-01-31,41,13,2,0.10555365042999297
1162,2022-06-30,60,37,3,0.06105401582474153
1163,2024-04-10,17,34,3,0.13432456985105315
1164,2022-05-20,92,35,3,0.1567574404777439
1165,2023-11-07,14,39,1,0.019348509732416086
1166,2022-09-01,37,10,3,0.0034574363778924425
1167,2023-01-08,40,13,1,0.002864878854255637
1168,2023-09-02,71,41,1,0.11095497835920826
1169,2022-06-28,69,47,2,0.14088888112053669
1170,2023-07-21,95,20,1,0.029462615994986365
1171,2024-08-31,2,5,2,0.02831164758914122
1172,2022-03-10,19,37,2,0.040149643793119895
1173,2022-06-04,28,10,3,0.11765953797694893
1174,2024-04-21,24,30,1,0.10469821284823624
1175,2023-09-04,67,48,2,0.1303662377612224
1176,2022-06-16,7,42,1,0.14616468791317525
1177,2023-01-16,91,1,1,0.1454415235344255
1178,2024-03-22,8,12,2,0.11218750997735719
1179,2024-01-11,63,14,3,0.051286544471860124
1180,2024-02-17,50,34,2,0.004004374116050147
1181,2024-02-24,58,15,3,0.07994335230362502
1182,2024-01-31,77,28,1,0.1628663443497397
1183,2023-03-29,64,44,3,0.17501880376589898
1184,2023-01-18,11,50,1,0.15073621987886232
1185,2024-01-20,66,32,2,0.18221969499983626
1186,2022-12-23,82,32,3,0.0274037969789243
1187,2023-05-27,9,36,1,0.035412084987316315
1188,2022-09-11,65,38,3,0.09425609781586775
1189,2022-06-24,88,42,3,0.05140291105651194
1190,2022-04-15,82,2,2,0.04120640781856675
1191,2022-12-04,97,31,3,0.019952261827443387
1192,2023-08-04,82,10,1,0.08648133372442757
1193,2022-10-04,26,23,3,0.0678019461156512
1194,2023-09-30,99,34,1,0.15999357540109216
1195,2022-10-30,24,7,2,0.15801365552948088
1196,2023-12-31,26,1,3,0.14764868139288265
1197,2022-12-04,47,16,1,0.18552505325360746
1198,2024-03-04,42,6,3,0.009600193532817804
1199,2022-06-21,45,6,3,0.029304438523217447
1200,2024-06-08,15,39,1,0.19782926072335766
1201,2023-10-08,51,36,3,0.09776595026430493
1202,2024-01-29,51,17,2,0.13066448756150348
1203,2024-05-23,100,11,3,0.08167412310242249
1204,2023-08-02,81,13,2,0.11053412381500005
1205,2024-03-13,21,47,1,0.07194955099133082
1206,2023-10-03,78,50,2,0.10713654141638213
1207,2023-03-27,84,42,2,0.05987499938266834
1208,2023-12-11,32,32,2,0.09008685388776926
1209,2024-02-07,47,28,2,0.0879606683250265
1210,2023-10-09,98,10,3,0.17528947363466618
1211,2023-12-28,20,31,2,0.1397362326254293
1212,2024-04-01,40,5,1,0.0743759790577183
1213,2022-12-02,12,19,1,0.17809438243359665
1214,2023-03-27,73,11,3,0.05709739229960451
1215,2023-05-04,67,12,3,0.0007353542727809082
1216,2024-08-20,93,32,2,0.1351028683598747
1217,2022-02-04,83,6,2,0.19317042827859499
1218,2022-08-11,88,45,1,0.1623957534390969
1219,2024-02-06,37,1,1,0.05298571030566082
1220,2024-04-17,94,18,3,0.009855610169446938
1221,2023-02-23,17,47,3,0.062347343901267
1222,2022-08-01,51,22,2,0.09234742950622406
1223,2022-01-01,17,34,1,0.02997742874715217
1224,2024-03-15,64,3,2,0.0016857062045434912
1225,2024-04-18,34,30,1,0.041223653228105464
1226,2022-09-01,50,1,1,0.18647086108787955
1227,2024-01-05,94,8,3,0.14855969088773066
1228,2023-04-15,96,10,1,0.10603241271048913
1229,2023-03-10,40,3,3,0.17841282211012044
1230,2022-07-08,4,27,1,0.005050059844837796
1231,2022-10-03,52,18,3,0.03310199160383287
1232,2023-01-14,19,13,3,0.105649106031778
1233,2022-01-01,31,31,2,0.06821123724872016
1234,2024-04-28,56,14,2,0.16364528515490004
1235,2024-02-17,29,34,3,0.029522456790245368
1236,2023-09-28,8,30,2,0.1641432470897339
1237,2023-07-24,94,38,2,0.1613623002373297
1238,2023-01-13,44,21,1,0.010811633688699286
1239,2024-02-02,33,26,1,0.13586004151827905
1240,2023-04-28,37,13,2,0.12676685640580596
1241,2023-11-08,37,19,1,0.12802536315563132
1242,2022-05-08,30,7,1,0.046977819057378814
1243,2022-03-28,57,6,2,0.023739957073491014
1244,2022-12-19,90,4,3,0.016960487589005858
1245,2024-07-22,71,25,1,0.013377388408652347
1246,2022-07-06,54,23,2,0.1414327622471949
1247,2023-12-31,64,50,3,0.16949138799055247
1248,2024-01-14,12,34,3,0.0988882417643632
1249,2023-09-16,42,37,2,0.08070050782546252
1250,2023-10-28,74,34,3,0.06576622246065977
1251,2023-03-28,66,35,1,0.15870352507007876
1252,2024-06-04,58,6,2,0.01088439108986632
1253,2024-01-05,96,38,3,0.19115963114977352
1254,2023-12-26,18,32,2,0.18578249536375901
1255,2022-04-19,62,17,2,0.028992856902770314
1256,2023-01-01,52,17,3,0.009991531749852456
1257,2023-10-26,35,7,3,0.12932040591413305
1258,2023-05-20,74,28,3,0.0926735682299771
1259,2022-12-21,36,5,1,0.18430602087965464
1260,2022-05-02,17,35,1,0.1096498913580592
1261,2022-01-06,89,35,3,0.18649165771043907
1262,2022-02-28,4,24,2,0.12739157728529518
1263,2023-04-20,92,27,2,0.10312541096000571
1264,2022-04-05,74,34,1,0.12300828648087257
1265,2023-05-21,5,13,2,0.18142287684548608
1266,2023-08-17,28,24,3,0.17152394619257783
1267,2023-11-01,50,5,1,0.02315842723051096
1268,2024-07-11,66,31,1,0.19651963658530702
1269,2024-02-29,90,43,3,0.012650145689597015
1270,2022-12-18,12,7,1,0.005755512317171307
1271,2024-09-17,9,28,3,0.18114710985618446
1272,2023-06-22,48,32,2,0.1840801904372657
1273,2023-05-17,29,22,3,0.07604741878231341
1274,2024-06-14,94,17,2,0.12108907746075775
1275,2022-07-01,36,5,3,0.017404928392161567
1276,2023-04-24,51,3,3,0.04539378363368625
1277,2023-05-18,86,22,1,0.1555185656958622
1278,2024-05-24,57,40,1,0.1031045761124102
1279,2023-02-06,31,8,3,0.11094975442672783
1280,2024-01-06,39,31,2,0.09028257579331223
1281,2024-07-06,36,3,3,0.010237803619711938
1282,2024-09-24,65,7,3,0.11552851646080516
1283,2022-02-20,7,5,2,0.042743653642501794
1284,2023-01-02,98,30,3,0.13851936562954084
1285,2024-07-07,61,1,1,0.04076816345933352
1286,2024-07-16,53,19,3,0.04088250605030717
1287,2023-06-16,59,5,3,0.1280042958869866
1288,2023-08-13,13,43,1,0.012686016145184853
1289,2024-04-12,45,8,2,0.13839300563601695
1290,2023-09-05,46,49,2,0.132912232418931
1291,2022-05-29,7,4,1,0.08998749321906988
1292,2023-03-02,34,44,3,0.15444565356381695
1293,2022-01-07,30,1,1,0.024266694271458666
1294,2023-11-28,74,21,1,0.07714984687457745
1295,2024-06-28,72,35,2,0.13438981696584545
1296,2022-08-26,77,27,1,0.09501335903061939
1297,2024-07-11,38,14,1,0.04770303000159957
1298,2022-06-23,26,3,3,0.1145627841452933
1299,2022-10-14,15,24,2,0.062032954994033475
1300,2022-06-07,13,12,2,0.12618735277447593
1301,2023-03-24,6,43,2,0.07790946056161403
1302,2024-07-24,80,22,1,0.014533159767731419
1303,2022-12-08,65,14,3,0.010359679126843569
1304,2024-02-18,48,49,1,0.1884638811758295
1305,2022-03-12,99,23,3,0.1774143562552609
1306,2023-09-13,2,5,2,0.12322271662127349
1307,2022-12-12,91,1,3,0.13703133335229775
1308,2023-11-04,57,18,1,0.04752245317742643
1309,2023-05-15,96,32,2,0.13163561763308046
1310,2023-02-08,10,33,2,0.012758931659910024
1311,2023-04-06,36,21,1,0.14482073049638325
1312,2023-01-09,44,21,1,0.17551004765375325
1313,2023-12-11,61,26,2,0.1997664171017629
1314,2023-08-14,10,1,2,0.14609251235192958
1315,2022-01-13,29,16,1,0.12282317598658055
1316,2023-11-02,93,17,1,0.1474867603567158
1317,2023-02-11,9,28,3,0.11706611299633646
1318,2022-11-15,60,28,2,0.08134232938421844
1319,2022-03-31,96,30,1,0.17855023571083517
1320,2024-09-05,22,12,2,0.16729547170615008
1321,2023-09-20,93,30,2,0.14153154706009347
1322,2024-08-20,11,25,1,0.04076560959317726
1323,2022-11-02,91,50,1,0.1449181128502485
1324,2023-04-23,17,45,3,0.058993429790409294
1325,2022-05-28,98,40,3,0.02353542204853043
1326,2022-12-03,15,13,1,0.09360318869618359
1327,2024-03-17,92,48,3,0.17767818001232122
1328,2022-02-03,69,9,2,0.06174092116201986
1329,2024-04-30,37,36,1,0.17198937307281004
1330,2023-04-29,63,15,3,0.09196542750120401
1331,2022-06-21,57,43,2,0.02775841378775572
1332,2022-04-06,16,22,2,0.18647587329919216
1333,2023-05-02,7,29,2,0.10892282421483382
1334,2024-08-24,74,47,2,0.11734727398220933
1335,2022-10-06,21,8,2,0.14996560338494663
1336,2023-10-07,55,46,1,0.1971773398627776
1337,2022-07-27,16,18,2,0.07247476257467238
1338,2024-06-18,68,41,3,0.04074452106420206
1339,2023-11-08,62,1,2,0.11788846544037748
1340,2024-08-15,90,32,1,0.0364769059213883
1341,2022-12-02,32,40,1,0.0981665466195259
1342,2024-04-11,77,4,2,0.08996825871293862
1343,2022-01-21,89,17,2,0.0033012529627926227
1344,2023-04-01,26,32,3,0.14593357136004986
1345,2022-03-05,49,4,2,0.19578758512212185
1346,2022-11-19,26,47,3,0.07681403557745992
1347,2022-07-22,40,34,2,0.16552261763976206
1348,2024-02-03,40,44,1,0.10962639032334187
1349,2023-06-22,67,12,1,0.03971238331629399
1350,2023-10-26,86,17,1,0.0707043782714905
1351,2024-01-31,83,38,3,0.09860256043428098
1352,2023-06-03,98,11,1,0.0399059088424528
1353,2024-03-24,16,43,1,0.015027094090384698
1354,2022-12-24,49,23,2,0.0690686922181538
1355,2023-12-16,11,5,3,0.1405059595433011
1356,2023-09-13,8,23,3,0.0416680267524044
1357,2023-01-14,86,22,2,0.1647595569399183
1358,2024-02-14,21,12,1,0.06173221787773251
1359,2022-09-02,19,6,2,0.1241874382407626
1360,2023-10-13,68,19,1,0.030162463952611154
1361,2023-02-04,51,18,3,0.1488271688667759
1362,2023-03-21,76,3,2,0.08175650204330809
1363,2024-08-01,64,24,2,0.047459105451918296
1364,2024-03-10,9,41,1,0.11484404797641282
1365,2023-07-19,61,49,2,0.02284115940590177
1366,2022-02-27,91,12,2,0.1114977627946791
1367,2022-06-22,10,47,2,0.05200244096248503
1368,2023-10-01,66,48,1,0.03431922246070096
1369,2024-01-26,25,30,2,0.0993633792947633
1370,2024-06-05,3,33,2,0.10029080344252105
1371,2023-09-24,99,3,2,0.1038115085277726
1372,2022-09-30,95,1,3,0.02753930401282321
1373,2022-11-30,25,10,3,0.14061059596581935
1374,2023-10-08,97,14,3,0.04879568692702727
1375,2024-04-29,48,1,1,0.12803350539841155
1376,2023-03-15,96,4,3,0.1636165340766414
1377,2023-03-06,52,47,2,0.16582579272295156
1378,2024-02-24,81,28,3,0.08003394166447596
1379,2023-10-13,55,12,1,0.14950979760750913
1380,2022-06-22,57,45,1,0.09598896183352952
1381,2023-11-04,58,35,3,0.0390412641922308
1382,2022-05-11,29,14,2,0.05855885129395706
1383,2023-10-31,65,27,1,0.033637411273914154
1384,2022-08-23,94,11,1,0.15296559314800792
1385,2023-12-22,53,37,2,0.1425177061342419
1386,2023-08-18,14,13,3,0.03814557627484954
1387,2023-04-23,31,46,3,0.193130469411847
1388,2023-04-07,6,45,2,0.06985335006115441
1389,2023-08-01,28,18,3,0.13688279133707526
1390,2023-02-12,97,3,2,0.0735187207396869
1391,2022-03-11,79,29,2,0.12496011261619709
1392,2024-08-02,14,10,3,0.07747780041595889
1393,2024-02-10,25,24,1,0.14153162459444044
1394,2023-04-23,95,47,2,0.12000624337944062
1395,2023-11-27,99,5,3,0.05933998436124939
1396,2023-10-28,26,9,1,0.13218348484242012
1397,2024-03-21,47,1,1,0.02642460713687296
1398,2024-02-26,24,50,1,0.13264319899743024
1399,2024-05-15,39,37,2,0.04488871480000576
1400,2023-09-23,72,6,3,0.14514964046653187
1401,2024-04-25,69,43,3,0.12512325042810454
1402,2022-01-20,64,19,1,0.08545338543166225
1403,2024-09-17,26,26,1,0.02543881942666495
1404,2022-09-02,89,24,3,0.11564942381950097
1405,2022-06-07,1,10,2,0.11327097611288744
1406,2024-06-27,78,25,1,0.09485165298879035
1407,2023-09-30,64,35,1,0.1366593751269495
1408,2022-10-24,70,41,1,0.011395894642205319
1409,2022-01-11,86,28,1,0.17175345561158273
1410,2023-08-02,71,12,2,0.15863251989488747
1411,2022-12-20,32,24,1,0.13960312856055643
1412,2022-02-24,60,5,3,0.17597810443204512
1413,2023-05-05,99,26,2,0.15623530274838082
1414,2023-03-14,69,9,2,0.08201438490755251
1415,2023-10-31,48,20,3,0.0821259555148657
1416,2023-09-20,20,46,2,0.14139972010774912
1417,2022-11-09,29,40,3,0.09743776178971655
1418,2022-04-25,25,23,3,0.15008176794444428
1419,2023-04-21,81,39,2,0.13729533514046915
1420,2022-08-25,64,7,3,0.04839123119041262
1421,2022-12-22,49,31,2,0.17427067043439726
1422,2023-04-13,61,40,1,0.08091288622676987
1423,2024-05-27,97,18,1,0.033744723072873954
1424,2024-09-27,68,16,2,0.10480087370865031
1425,2022-12-05,67,14,1,0.002718899734279856
1426,2023-09-06,66,41,3,0.18365926670878419
1427,2022-06-29,76,44,3,0.17401062175469906
1428,2024-06-26,30,28,2,0.14663957268073538
1429,2024-08-18,65,50,3,0.16463598830653023
1430,2022-11-20,93,33,2,0.12439359111528658
1431,2023-01-02,69,29,2,0.11148542213326612
1432,2024-02-05,100,31,2,0.042085244557756196
1433,2023-08-17,23,50,3,0.04582962182993666
1434,2024-04-09,90,25,1,0.09008431932222256
1435,2023-11-04,3,31,3,0.1718868594473189
1436,2024-04-02,16,48,2,0.03958155232992655
1437,2024-08-10,84,16,3,0.11022422113974994
1438,2022-11-13,3,15,3,0.11661204009176705
1439,2022-11-20,31,40,3,0.1306213217817962
1440,2023-01-11,31,19,3,0.0814024981228194
1441,2023-02-04,60,1,3,0.007348098319625707
1442,2023-04-16,23,47,2,0.12787742034936836
1443,2024-02-27,73,29,1,0.056384776846538975
1444,2022-05-29,60,4,2,0.1441575173574978
1445,2022-01-24,99,44,2,0.10254938423331406
1446,2023-12-29,18,23,2,0.005809140575423211
1447,2022-11-17,62,46,1,0.007266614312602737
1448,2022-10-10,47,31,1,0.15637925305519718
1449,2022-03-27,48,1,2,0.09913138306555061
1450,2024-05-21,24,21,2,0.033035224270708555
1451,2024-04-29,33,39,1,0.0681730565165826
1452,2024-03-08,96,21,1,0.10921917610352881
1453,2023-06-20,45,39,2,0.040215334352198734
1454,2023-11-22,68,41,2,0.12093729869577137
1455,2023-09-07,97,28,2,0.09834308283740543
1456,2023-05-18,1,17,2,0.19724147385255322
1457,2024-09-17,8,50,2,0.18266269889595887
1458,2024-06-19,55,12,2,0.17695293856599667
1459,2024-07-17,26,26,1,0.01943114150323029
1460,2022-05-31,44,34,2,0.18753934464697197
1461,2024-06-06,31,9,2,0.1952943886410848
1462,2024-09-09,54,17,3,0.1372480592831976
1463,2024-04-21,89,35,3,0.1986972290889137
1464,2023-08-07,75,16,2,0.13634444028201906
1465,2022-10-07,70,45,3,0.030908659281836372
1466,2022-02-25,10,40,2,0.11595974144907956
1467,2024-05-03,9,25,3,0.09375622494568459
1468,2023-02-06,23,7,3,0.07893715169644513
1469,2024-03-21,54,8,2,0.19542391391872907
1470,2024-04-17,76,18,3,0.01580071720736034
1471,2024-06-15,36,17,1,0.0926148587721418
1472,2023-06-27,69,18,3,0.15654114760994292
1473,2023-11-18,9,45,1,0.1975246459927863
1474,2023-09-07,40,50,2,0.040930637970442364
1475,2023-04-17,21,15,1,0.017729746049502438
1476,2022-09-02,38,3,1,0.07212765038050768
1477,2022-01-01,88,17,3,0.03327378442466811
1478,2022-09-13,93,23,3,0.19280529156012902
1479,2023-09-11,46,5,3,0.08179856137224971
1480,2022-07-28,56,14,3,0.000355206680147413
1481,2023-01-31,57,13,2,0.003638990374066675
1482,2023-08-19,63,41,2,0.08834921963950366
1483,2024-09-15,91,11,1,0.002430157853618531
1484,2024-02-01,47,3,2,0.11577855809895075
1485,2022-03-07,77,16,1,0.19337674592028625
1486,2022-07-15,62,48,2,0.1799951168316264
1487,2022-05-30,67,23,2,0.014288657547960671
1488,2022-10-12,63,35,3,0.06330713648868143
1489,2024-01-11,25,7,1,0.051080005659370126
1490,2022-07-06,85,15,2,0.006696449883416733
1491,2022-09-27,38,34,1,0.08228753822767752
1492,2022-08-20,28,19,2,0.16711081585108137
1493,2023-04-05,22,15,1,0.06014737491975091
1494,2024-03-15,99,42,1,0.1821297803464359
1495,2022-02-11,95,46,1,0.011336026018957402
1496,2022-08-25,11,38,3,0.057869916142022616
1497,2022-11-02,29,28,1,0.13762575600682386
1498,2022-09-22,77,9,1,0.00399157154060954
1499,2022-05-15,11,41,1,0.16002632971702627
1500,2024-04-02,82,31,3,0.1260368134989463
1501,2023-05-14,63,30,1,0.001489552494992874
1502,2023-12-08,21,2,2,0.14349641245524716
1503,2023-07-19,53,20,3,0.09420885632791982
1504,2023-08-15,33,23,2,0.19058913489840484
1505,2024-07-21,88,6,1,0.019581035886099385
1506,2022-05-27,82,1,1,0.1643909490242467
1507,2023-02-02,40,49,2,0.15756699752652975
1508,2024-05-02,95,21,3,0.16498851447451623
1509,2023-10-07,25,41,3,0.013538046141677307
1510,2022-05-07,86,13,3,0.14989466244367772
1511,2023-08-26,15,22,3,0.13290827736973546
1512,2023-05-22,92,22,2,0.12149875036799936
1513,2024-09-21,74,7,1,0.045077186446052436
1514,2022-12-13,13,43,2,0.022013264855784677
1515,2024-09-21,29,47,3,0.17458980351628628
1516,2023-09-14,30,4,3,0.0022257934181050933
1517,2022-08-03,97,27,3,0.061759987435214964
1518,2024-07-04,39,14,2,0.19002878991749744
1519,2022-08-22,96,35,3,0.09172420055849487
1520,2024-03-24,81,12,3,0.1309708280684902
1521,2022-12-31,71,17,2,0.03413479169066933
1522,2022-02-16,45,34,2,0.17057254159927593
1523,2022-10-25,33,14,3,0.18293600365862683
1524,2023-02-08,84,4,2,0.15639595222540234
1525,2022-01-26,3,11,3,0.09056033133239534
1526,2022-01-10,60,1,1,0.11918050275969319
1527,2023-10-20,81,41,3,0.19051140207520775
1528,2024-01-04,58,36,2,0.15705893133164125
1529,2022-08-01,53,5,1,0.1810482618212101
1530,2024-03-11,87,22,2,0.07409694350140346
1531,2022-10-13,100,46,2,0.13017807340345064
1532,2022-04-17,10,29,1,0.16939141095501065
1533,2024-06-20,80,13,2,0.053843474966086574
1534,2024-02-29,84,13,2,0.09816819245264244
1535,2023-05-17,47,17,1,0.12539364329285016
1536,2023-06-29,19,10,3,0.19830468364494344
1537,2022-06-12,31,2,1,0.029895127060515447
1538,2023-12-24,23,42,2,0.10897192117913473
1539,2022-02-16,15,28,3,0.08805057342038558
1540,2023-09-07,85,24,2,0.13896399834029
1541,2022-02-09,40,5,2,0.02100615491672897
1542,2022-12-24,44,39,1,0.02804388134326732
1543,2023-07-15,82,43,2,0.15409377426675983
1544,2024-05-01,5,8,2,0.043473975147909454
1545,2022-04-22,67,5,1,0.18504620820098222
1546,2024-08-04,72,25,3,0.16737997157095597
1547,2023-01-20,85,5,2,0.18569094222641463
1548,2022-08-24,32,48,3,0.033795416503936825
1549,2023-05-05,49,8,3,0.04375243338048294
1550,2023-05-30,1,11,3,0.1311136097051072
1551,2023-12-06,41,27,2,0.15830880475724393
1552,2022-01-11,52,43,3,0.13073582502789727
1553,2022-12-13,46,47,2,0.07153711639871321
1554,2024-06-30,27,17,3,0.1525148784408729
1555,2023-01-08,23,10,2,0.14519556999732153
1556,2023-11-22,98,30,1,0.1609509186344142
1557,2023-01-19,10,49,1,0.10619196706960797
1558,2022-01-31,40,4,1,0.05223775737369072
1559,2023-07-13,44,20,1,0.15494317148895662
1560,2023-11-17,3,4,2,0.09713788053883653
1561,2023-11-18,68,20,1,0.02582855821691228
1562,2023-08-17,27,4,3,0.08075658890814275
1563,2024-07-08,55,38,3,0.07412524443579793
1564,2022-04-07,53,48,1,0.16686957715361228
1565,2023-03-15,32,49,2,0.09979780669744474
1566,2024-05-28,6,21,3,0.016490165037068794
1567,2023-08-21,51,15,2,0.1484089820187041
1568,2024-04-20,18,40,3,0.11709932597068118
1569,2022-02-08,99,46,1,0.0002532952182799919
1570,2022-02-22,69,47,2,0.0835143868423664
1571,2022-11-30,65,20,2,0.0674573568587854
1572,2023-05-17,62,5,1,0.033234919592242916
1573,2023-04-15,60,34,3,0.1820360477953286
1574,2022-05-03,89,14,2,0.17930134804619416
1575,2022-02-22,65,44,2,0.08709023302592167
1576,2023-09-02,31,44,3,0.17947699852060942
1577,2022-05-05,27,14,3,0.19792796629369047
1578,2023-09-29,13,9,3,0.16018335872818995
1579,2022-03-06,60,15,1,0.04147499609988736
1580,2023-11-10,61,48,3,0.1037069054793153
1581,2023-02-20,90,29,2,0.1970499727733983
1582,2022-07-20,21,22,1,0.09855306634489112
1583,2022-02-27,24,6,3,0.1900337476988991
1584,2023-07-09,24,1,1,0.11248125631891481
1585,2022-06-08,8,36,3,0.1299517627669101
1586,2022-01-01,50,8,1,0.11413709654171399
1587,2022-07-30,72,20,1,0.13306099660763468
1588,2022-10-24,41,41,3,0.17807004465898918
1589,2022-10-11,16,2,2,0.1921757105751423
1590,2023-10-02,6,13,2,0.11418830189031144
1591,2022-12-14,70,25,3,0.17137587957473166
1592,2024-06-05,50,42,3,0.18504656638085323
1593,2022-12-07,1,14,3,0.08528718621880094
1594,2024-06-23,93,40,2,0.04815474977627761
1595,2024-08-31,88,1,1,0.1889962395370177
1596,2023-03-04,83,14,3,0.040536412998385576
1597,2023-06-05,28,32,1,0.16769690099779822
1598,2023-01-23,12,25,2,0.10928256521332978
1599,2022-09-29,8,15,3,0.08317148813604963
1600,2023-04-02,84,1,3,0.15723844951664293
1601,2022-09-01,15,14,1,0.03145684390544601
1602,2023-12-17,85,46,3,0.0015411855878520342
1603,2024-08-20,56,12,1,0.11019375485731386
1604,2024-09-11,39,27,3,0.17175512045000638
1605,2022-12-29,77,50,1,0.06195106091143701
1606,2022-04-23,18,19,1,0.053630729155339285
1607,2023-09-26,49,18,2,0.08187744152705466
1608,2022-03-27,46,15,2,0.14084926333324196
1609,2024-04-22,59,18,1,0.13133205220520988
1610,2023-01-11,53,42,1,0.03259121393366284
1611,2024-09-26,49,49,1,0.06736368650297449
1612,2023-11-11,84,18,2,0.039074612658361256
1613,2022-03-31,84,8,2,0.19263911393154545
1614,2023-02-23,14,33,2,0.18234823118498406
1615,2022-05-10,85,19,3,0.13914745977104886
1616,2022-09-16,8,42,3,0.01646651506862251
1617,2023-10-03,93,28,3,0.08826960956955357
1618,2023-10-16,9,44,2,0.05681906084066586
1619,2022-05-10,9,5,3,0.1869391732621233
1620,2022-04-27,61,28,1,0.039430261813651994
1621,2023-06-02,90,47,2,0.027660240576258155
1622,2024-03-01,24,39,2,0.06646496018647167
1623,2024-02-14,4,11,1,0.11445439845993743
1624,2023-02-23,97,9,2,0.10049916388805036
1625,2023-01-23,64,21,3,0.024072330063853564
1626,2022-01-15,26,18,3,0.16361005686405364
1627,2022-11-06,14,27,3,0.14253185402862956
1628,2022-06-21,76,45,1,0.021129982687879134
1629,2023-08-01,33,31,2,0.19853792751887417
1630,2022-07-25,36,49,2,0.08023995370431564
1631,2022-05-09,65,15,1,0.13576685195070687
1632,2023-11-01,54,45,2,0.10014572777307021
1633,2024-06-29,89,33,2,0.06368815206230101
1634,2022-01-29,17,18,2,0.013829311472009588
1635,2023-04-17,72,3,3,0.1062841972528818
1636,2022-08-29,44,10,2,0.0798496135795806
1637,2022-11-01,89,3,2,0.14838466702872896
1638,2024-07-16,20,20,2,0.16707246643325113
1639,2023-01-06,6,6,3,0.16327847939370074
1640,2022-12-22,92,24,2,0.1590397819228729
1641,2024-05-27,16,42,3,0.1984518955024367
1642,2024-05-06,19,46,2,0.04854571355347457
1643,2022-12-22,14,10,1,0.06762275881217797
1644,2022-06-04,76,41,1,0.14682736076388683
1645,2022-05-19,65,46,2,0.04031647950704187
1646,2022-04-03,47,30,3,0.08719092363637362
1647,2024-08-15,18,10,2,0.008182630786861367
1648,2024-01-13,71,50,2,0.19085537166704994
1649,2024-07-19,50,9,3,0.11204199333012999
1650,2023-07-15,1,43,1,0.07741171272924208
1651,2023-12-22,52,3,1,0.1353952094151422
1652,2023-12-25,35,31,2,0.10927419412673417
1653,2024-05-11,50,34,1,0.005063404552863604
1654,2024-07-17,3,14,2,0.10451235352453983
1655,2022-07-11,43,21,3,0.024143980395458023
1656,2023-05-22,36,40,1,0.15311127792363824
1657,2022-01-30,27,32,2,0.019857418162841235
1658,2024-02-28,93,13,2,0.1391066821100502
1659,2024-01-31,37,7,1,0.017176724445448488
1660,2023-06-25,58,21,3,0.18863553995883486
1661,2023-03-23,48,3,2,0.06601996926479606
1662,2023-05-27,38,49,2,0.15396582814553764
1663,2022-02-20,1,44,3,0.0013693953818426864
1664,2022-12-26,27,21,1,0.020556111211947427
1665,2022-04-11,82,27,2,0.024376381330050045
1666,2022-09-19,21,17,2,0.19744469114699054
1667,2023-09-14,10,27,1,0.06604579334692062
1668,2022-02-23,85,26,2,0.04901090344137744
1669,2024-06-23,11,31,2,0.07045161057175563
1670,2024-01-20,55,30,2,0.0007036249989768262
1671,2024-04-28,98,13,3,0.0741891943147825
1672,2024-09-20,61,9,1,0.053792544578361134
1673,2022-09-13,44,27,2,0.008259413153585094
1674,2024-09-11,13,28,2,0.12486098094209686
1675,2022-04-28,53,15,1,0.07139167306967002
1676,2022-03-17,59,4,1,0.0459301513170985
1677,2024-03-31,60,11,2,0.039689355711842046
1678,2023-11-17,95,48,2,0.10073665017812997
1679,2023-07-11,30,10,3,0.07429190563507407
1680,2022-03-24,97,12,3,0.1755183851011898
1681,2023-04-01,93,45,2,0.15619201695607488
1682,2024-05-31,46,35,1,0.1115048831870448
1683,2023-11-02,48,23,1,0.17903837001201514
1684,2022-04-22,65,8,2,0.03124264473734073
1685,2022-03-19,8,18,2,0.05563422404944627
1686,2024-06-19,28,32,3,0.17365142305891312
1687,2023-03-16,64,13,2,0.022159748552966187
1688,2023-05-28,95,35,3,0.15222581669252977
1689,2024-01-12,73,23,2,0.11109344980892139
1690,2023-04-01,77,20,3,0.05009291129416629
1691,2023-06-28,66,10,2,0.16521490135036998
1692,2024-03-10,40,14,1,0.017021019700362516
1693,2022-07-30,54,1,1,0.0317858785634779
1694,2022-10-14,66,40,1,0.1740457122529813
1695,2023-06-14,70,39,3,0.14236412393271955
1696,2023-01-13,8,32,2,0.14768749516460852
1697,2024-05-28,19,37,1,0.16674342864775643
1698,2022-10-06,88,21,2,0.048700524608112056
1699,2023-05-23,64,21,3,0.003416085510970257
1700,2024-01-26,64,36,2,0.1347343650956778
1701,2023-10-20,22,1,2,0.05539853044905738
1702,2022-03-08,1,22,3,0.05415517783691584
1703,2022-01-28,27,45,3,0.1699175608638608
1704,2022-08-12,58,20,2,0.10774330879255407
1705,2023-03-08,60,30,1,0.1752875203067537
1706,2024-02-25,63,26,2,0.11647795654901359
1707,2023-11-29,24,16,3,0.04855813116125971
1708,2024-06-30,19,14,2,0.07064879596945328
1709,2023-02-11,99,2,2,0.1361996799953806
1710,2022-07-29,64,12,3,0.10536610566094545
1711,2023-07-26,76,23,1,0.19564349507926582
1712,2024-01-26,5,35,3,0.10012595896654422
1713,2024-01-31,42,46,3,0.18666709116657623
1714,2022-08-28,29,30,1,0.033727488485853184
1715,2023-01-26,4,14,1,0.15174657149410078
1716,2024-05-07,21,30,1,0.15129842608102473
1717,2024-03-18,39,22,1,0.16290661369836643
1718,2022-08-22,98,13,3,0.0691761014452229
1719,2024-05-25,24,23,1,0.07536591991222777
1720,2023-07-26,57,40,1,0.08471757306246804
1721,2024-07-14,10,14,2,0.05108764447793604
1722,2023-04-01,22,8,3,0.010979512312341733
1723,2022-11-04,81,45,1,0.03940007877818533
1724,2022-03-26,61,29,2,0.12141481716247132
1725,2022-11-03,31,15,3,0.01358138065184409
1726,2024-05-14,11,19,1,0.10918308366573698
1727,2022-10-04,9,45,2,0.050730766421643786
1728,2023-03-20,33,29,2,0.19877040263982554
1729,2022-01-01,2,29,3,0.1404458416419598
1730,2023-11-30,80,24,1,0.033870585513580756
1731,2024-04-09,24,33,2,0.04748798889473907
1732,2022-10-06,8,35,3,0.15424876436095697
1733,2024-04-21,97,6,3,0.1335995107667308
1734,2022-01-21,61,27,1,0.1730965337089838
1735,2022-07-03,89,14,3,0.15054668658939285
1736,2023-07-09,3,12,1,0.11551321413148025
1737,2023-12-18,98,47,3,0.14228632045168496
1738,2023-03-15,62,29,1,0.032442368977210756
1739,2023-02-03,60,11,2,0.1817958313855926
1740,2024-07-02,21,29,3,0.11435274270453753
1741,2023-12-03,2,26,3,0.14902008255867183
1742,2022-11-29,65,14,3,0.08710129620923741
1743,2024-05-04,67,5,2,0.12312105713578617
1744,2022-08-26,27,35,2,0.06382939406906003
1745,2023-09-18,55,26,2,0.13232121235859579
1746,2022-11-05,57,42,1,0.18787886378107974
1747,2023-11-27,97,41,2,0.16458736027200244
1748,2022-09-16,47,36,2,0.048325365734651404
1749,2024-08-05,47,2,2,0.012374860835080593
1750,2024-09-06,87,37,3,0.0630495786899683
1751,2023-02-16,61,1,3,0.017031335389666193
1752,2022-05-05,43,41,1,0.19383905065904877
1753,2024-07-03,27,33,1,0.06579221337546895
1754,2023-01-23,89,24,1,0.07754812221891433
1755,2024-04-25,88,33,2,0.0811533856091799
1756,2022-04-10,100,22,1,0.012769888575103439
1757,2022-06-05,1,44,1,0.11833117330774615
1758,2022-04-24,99,15,2,0.18476133753329244
1759,2022-08-04,89,10,3,0.11152225397562206
1760,2022-03-27,2,21,1,0.006171256286646121
1761,2022-12-29,37,14,2,0.01562832798505818
1762,2023-07-30,90,20,2,0.04661211055705943
1763,2022-01-23,65,27,3,0.01567750840739737
1764,2022-01-02,36,36,3,0.1428516939964289
1765,2024-04-16,90,37,2,0.07701590260036771
1766,2024-08-23,3,38,2,0.054692342304675484
1767,2023-01-06,68,42,3,0.19929457862869696
1768,2022-11-07,84,36,1,0.13123168952743922
1769,2022-11-22,49,41,1,0.10524107141291594
1770,2023-10-09,5,30,2,0.08380330320568302
1771,2023-09-05,63,15,2,0.016417772619799022
1772,2023-01-22,30,11,2,0.1705051021575582
1773,2024-09-18,89,47,3,0.07401575211298965
1774,2024-07-17,70,22,2,0.16442521038815053
1775,2024-09-11,2,6,2,0.0517518907334396
1776,2022-11-14,39,7,1,0.14416015110000233
1777,2023-01-30,87,17,1,0.1846884263302659
1778,2023-10-07,97,42,3,0.1653289728132831
1779,2022-10-16,52,39,3,0.08278598404245821
1780,2022-05-26,71,28,3,0.19139388839853205
1781,2022-07-08,39,12,1,0.18471047493413248
1782,2024-02-17,54,15,1,0.1133077779625656
1783,2023-09-14,23,48,3,0.13283941313607608
1784,2024-04-02,93,25,3,0.11524101402884229
1785,2024-05-25,65,38,2,0.18735228463922915
1786,2023-10-28,79,9,3,0.05314052721741842
1787,2022-11-19,34,32,1,0.1979538183073643
1788,2024-07-14,84,8,3,0.1548249380383467
1789,2024-02-09,1,6,3,0.16768979364333358
1790,2023-02-13,73,21,3,0.11225736624064803
1791,2022-05-14,50,29,3,0.15890146732961852
1792,2022-03-16,15,30,1,0.11281967039587187
1793,2022-07-01,59,38,3,0.08136484686792367
1794,2023-03-06,42,6,3,0.08478717446441333
1795,2022-04-02,23,24,2,0.03722770659777874
1796,2023-11-02,54,46,1,0.08337407302736631
1797,2024-05-28,78,8,3,0.17655666967010883
1798,2024-09-12,26,23,2,0.01443763032788683
1799,2023-04-30,4,49,3,0.00816517888452002
1800,2022-03-15,3,36,1,0.14359094396704108
1801,2023-03-06,6,43,3,0.002727079624942697
1802,2023-02-05,91,20,3,0.12362897822369984
1803,2022-08-22,82,33,2,0.11237860422441193
1804,2023-11-10,95,23,3,0.013593986124824143
1805,2022-01-13,18,18,3,0.07378314317335544
1806,2024-09-01,22,35,3,0.03636405277381118
1807,2024-01-26,86,40,3,0.1448880722831988
1808,2024-08-28,18,1,3,0.19950262818709516
1809,2023-04-11,39,24,3,0.032529560927032276
1810,2023-01-15,58,1,3,0.15780293286732486
1811,2022-11-03,48,48,2,0.1270011550036008
1812,2023-01-19,19,48,3,0.0810432980409273
1813,2022-11-23,1,43,3,0.08920842055762941
1814,2024-04-25,7,17,2,0.10985947172102435
1815,2023-08-13,17,14,1,0.10144788742248612
1816,2024-06-25,68,47,3,0.06905237788968109
1817,2022-02-02,45,44,3,0.07270477695847957
1818,2023-03-27,70,49,2,0.09292542881397409
1819,2022-01-31,72,49,2,0.08932730983150086
1820,2022-11-22,12,49,3,0.04190929338130849
1821,2022-03-20,11,43,3,0.14279085220082718
1822,2023-11-27,6,25,3,0.10703787749507257
1823,2023-12-20,83,34,3,0.03103377685966431
1824,2024-05-17,65,47,1,0.0636434799940329
1825,2023-03-07,14,1,1,0.016834410495948204
1826,2022-07-30,96,32,1,0.19689403497417585
1827,2023-07-21,77,10,2,0.0733249063737813
1828,2023-11-04,64,16,3,0.11890342118171358
1829,2024-07-29,45,49,2,0.17724789922857265
1830,2024-06-28,95,4,2,0.18815413706086603
1831,2022-08-17,57,44,2,0.14823550135041688
1832,2022-09-20,29,29,3,0.15060763189656354
1833,2022-06-17,90,17,3,0.0848389035488474
1834,2024-09-08,3,28,3,0.032198721238136385
1835,2024-03-05,78,20,1,0.07790546203685347
1836,2024-04-11,100,3,1,0.011266905115208737
1837,2022-11-06,73,25,2,0.05903629057522515
1838,2024-03-13,53,45,2,0.12829333689401534
1839,2024-04-20,13,37,1,0.026179607436659126
1840,2022-05-16,87,5,1,0.027225383431216568
1841,2023-08-02,67,31,1,0.019612620915200375
1842,2023-09-09,30,22,2,0.014937185050081792
1843,2023-09-15,96,32,3,0.15440719044634565
1844,2024-03-29,75,20,2,0.13211781490185617
1845,2022-07-10,91,48,2,0.144373451176971
1846,2023-10-24,41,16,2,0.015389621164970158
1847,2023-08-03,56,19,1,0.11112526648728559
1848,2024-08-24,26,46,1,0.12542440993146442
1849,2023-11-16,81,44,2,0.16892251451418175
1850,2024-01-25,9,37,3,0.17851108340471952
1851,2022-10-26,18,7,1,0.0002908490793685603
1852,2022-11-04,38,1,3,0.07490731668572621
1853,2024-07-07,1,34,1,0.14151489559488573
1854,2023-01-13,12,45,3,0.19833497611011003
1855,2022-11-09,46,7,2,0.1012455297207155
1856,2022-03-11,44,13,2,0.04394907886479225
1857,2022-10-28,43,30,2,0.05204630013116305
1858,2023-05-19,61,8,3,0.07104958014880806
1859,2022-07-05,12,20,3,0.19457503753876373
1860,2024-09-23,81,40,3,0.195882203185165
1861,2023-01-10,14,38,3,0.19498269707749039
1862,2024-09-11,75,13,1,0.024011126990160704
1863,2024-01-16,70,13,3,0.17444338222473968
1864,2024-04-25,49,37,3,0.029349034810872435
1865,2023-03-16,28,46,2,0.16369186423713
1866,2022-06-12,32,40,3,0.07204929106308118
1867,2024-09-17,53,31,1,0.08058363288033815
1868,2023-06-03,9,26,3,0.07219360766332804
1869,2024-08-05,40,23,2,0.0669621430593931
1870,2024-04-15,24,33,2,0.1321504350251861
1871,2023-03-21,30,47,1,0.08617245541260612
1872,2022-01-24,42,3,1,0.11777088632649824
1873,2023-01-19,63,24,3,0.04473045219214387
1874,2024-03-29,64,46,3,0.18272800524266983
1875,2023-08-04,54,31,3,0.046047341575460025
1876,2024-02-07,62,40,2,0.03482550105310416
1877,2023-10-17,21,23,3,0.08835401372256886
1878,2022-12-03,11,41,1,0.08154651760595531
1879,2023-03-13,61,15,3,0.16163716705982895
1880,2024-04-30,14,41,3,0.16789550529164865
1881,2022-11-04,72,47,2,0.19912557917539067
1882,2024-09-04,91,37,2,0.06994240842889819
1883,2022-07-22,56,1,3,0.06419417063392008
1884,2024-07-03,92,50,1,0.09423651320944358
1885,2022-11-22,43,42,2,0.0005962568566748373
1886,2023-07-20,45,13,2,0.16355936965365148
1887,2023-02-13,47,34,2,0.028834873334101577
1888,2022-08-03,20,44,2,0.007530939256111324
1889,2022-12-27,29,40,3,0.053302071683564156
1890,2024-08-31,69,30,3,0.05395641001169682
1891,2023-11-01,2,3,1,0.19645071899452313
1892,2023-04-22,61,17,3,0.06758936910959279
1893,2024-07-31,56,7,2,0.12527093070854606
1894,2024-06-12,48,11,3,0.0871333692605018
1895,2022-10-25,94,34,3,0.11173243848805102
1896,2023-09-26,14,5,2,0.0356214684860622
1897,2024-02-19,56,13,2,0.1454912541292148
1898,2023-04-14,75,48,3,0.07419829652572754
1899,2023-12-13,96,25,1,0.11880956585165384
1900,2024-01-04,34,46,3,0.037574889491898356
1901,2022-08-05,40,1,1,0.061654629599609545
1902,2023-03-29,44,29,2,0.08145823632036396
1903,2024-04-26,74,23,2,0.18977873452043859
1904,2023-04-08,9,40,1,0.15467038690047763
1905,2022-02-06,88,5,3,0.08067925741113724
1906,2023-03-24,74,32,3,0.16634985329981544
1907,2024-01-02,39,36,2,0.0363376744655068
1908,2022-12-01,73,5,2,0.12135126627312076
1909,2022-08-30,75,38,3,0.03279855100715066
1910,2024-06-28,32,17,1,0.06444112945115153
1911,2023-09-03,58,7,2,0.007643761335514876
1912,2023-03-27,58,45,1,0.08046825979060995
1913,2023-07-24,96,7,1,0.10645018833641458
1914,2024-02-21,13,19,3,0.040817109208991065
1915,2023-06-27,12,36,3,0.0565122866538232
1916,2023-08-06,18,28,2,0.03101173500142638
1917,2024-09-14,94,28,2,0.10653154741112375
1918,2022-02-18,3,41,2,0.17814303491582534
1919,2024-07-02,8,42,2,0.15115044377080938
1920,2022-06-06,71,20,2,0.09707045290307847
1921,2022-03-08,54,15,1,0.17066365252224103
1922,2022-04-13,98,31,1,0.033537140282643076
1923,2023-03-05,89,22,1,0.059198750120398796
1924,2023-05-03,23,6,3,0.07949540496661223
1925,2022-05-01,17,3,1,0.01910140714684272
1926,2023-09-20,69,4,1,0.1618031454133618
1927,2023-12-27,64,50,1,0.12328436324272225
1928,2024-04-29,59,41,2,0.013931846157505402
1929,2024-03-05,39,39,1,0.14630924626090586
1930,2023-02-10,69,44,1,0.1907238228625926
1931,2023-05-31,17,17,2,0.05344844335092629
1932,2022-11-27,55,9,2,0.11202637763714413
1933,2024-09-19,65,48,3,0.07643366672007289
1934,2022-10-30,87,2,3,0.013860999506285521
1935,2022-04-22,10,46,2,0.07395264540425582
1936,2022-04-11,77,38,1,0.15427155351981559
1937,2023-11-11,31,43,2,0.12074117394116826
1938,2022-09-05,86,36,2,0.11684852902368617
1939,2023-01-01,1,11,3,0.13878793232303374
1940,2023-09-12,20,33,3,0.03405266452003859
1941,2024-04-07,29,30,3,0.05841994444749379
1942,2024-01-16,53,7,3,0.19531660684626836
1943,2024-03-17,80,41,1,0.07010976867442846
1944,2024-07-07,56,14,2,0.0342256216109353
1945,2022-05-04,39,33,2,0.14945215204378579
1946,2024-04-04,69,43,1,0.15817711855240685
1947,2022-03-13,64,10,3,0.14962153665984942
1948,2022-01-27,71,45,2,0.08954936655377344
1949,2022-04-29,21,6,2,0.19140572908248524
1950,2024-06-14,40,27,1,0.01545846192853413
1951,2022-10-08,82,38,3,0.06413567850556112
1952,2024-02-26,53,19,2,0.036677308258354024
1953,2024-01-09,87,40,3,0.10472357975068047
1954,2023-07-13,31,21,1,0.0507453407317368
1955,2023-12-24,81,48,3,0.060206343099150655
1956,2023-02-02,30,32,1,0.13805971534263237
1957,2023-01-05,59,10,1,0.12065736783202881
1958,2022-12-20,60,5,2,0.14327172743629485
1959,2024-09-06,26,37,1,0.030299630159003322
1960,2024-03-23,86,39,2,0.19333718022403906
1961,2022-04-16,52,50,2,0.009278589934244241
1962,2024-05-10,14,10,1,0.18928876548959336
1963,2023-06-01,81,20,2,0.16383121728520617
1964,2023-08-31,31,44,1,0.10142291542145826
1965,2023-11-08,87,23,2,0.020766851831472623
1966,2022-09-21,22,45,2,0.018686611119085605
1967,2023-02-27,13,28,3,0.17396457379101027
1968,2023-11-05,70,35,1,0.013571154578757528
1969,2023-08-04,69,31,3,0.1642291702023381
1970,2024-04-28,4,31,1,0.011396535900025963
1971,2022-01-24,33,16,3,0.08002166481682976
1972,2022-10-17,13,6,1,0.18052159629524095
1973,2023-07-21,46,46,2,0.16981308694830477
1974,2023-10-30,8,23,3,0.045343444099875896
1975,2022-05-25,14,20,1,0.043030531777232685
1976,2023-06-09,93,29,3,0.14463117789401952
1977,2023-04-04,59,37,2,0.18532028004698492
1978,2022-12-14,65,7,2,0.19367056612525785
1979,2024-08-01,84,5,2,0.010218143182451178
1980,2022-05-13,50,37,3,0.14494888318929852
1981,2023-12-25,9,8,2,0.1852298192229109
1982,2023-11-17,84,24,2,0.19387234971881748
1983,2024-03-22,40,8,3,0.1504594836117164
1984,2024-01-12,12,42,3,0.11374348447701368
1985,2022-10-06,79,17,3,0.12799268023071073
1986,2024-04-04,11,36,1,0.04153408892772577
1987,2022-01-15,39,22,3,0.1576807985910444
1988,2022-07-04,40,35,3,0.12017328586005854
1989,2022-02-05,9,29,3,0.052507181266337334
1990,2022-02-08,98,12,2,0.037139629545370804
1991,2022-02-22,17,31,1,0.0782207933019231
1992,2024-08-23,44,37,1,0.16792756182696786
1993,2023-06-14,58,48,1,0.021528606435975917
1994,2024-07-09,74,38,1,0.10638952089282912
1995,2022-01-10,20,9,2,0.1418683036667503
1996,2024-09-22,94,48,2,0.050268186396225926
1997,2022-03-06,59,12,3,0.08938272427592382
1998,2022-04-02,34,49,3,0.010220763730486505
1999,2022-05-09,21,17,1,0.05968135265515362
2000,2023-05-12,47,41,2,0.037543799912889614
2001,2022-12-11,71,44,1,0.105305797300229
2002,2022-05-25,43,39,3,0.0203210350360161
2003,2022-02-10,21,20,2,0.11151039580749474
2004,2023-11-03,13,45,3,0.05665530940196548
2005,2023-02-16,63,50,2,0.15041804036664702
2006,2022-10-18,11,6,1,0.12225889741365864
2007,2023-04-30,14,19,3,0.12025613953317227
2008,2023-05-22,16,21,1,0.105941806657806
2009,2022-05-25,89,41,3,0.18609233965673777
2010,2022-11-10,51,15,2,0.033244859590817445
2011,2022-12-22,33,7,2,0.135745751182454
2012,2024-01-18,95,7,3,0.09465637854877479
2013,2022-10-18,46,46,1,0.1928363356086402
2014,2022-11-16,17,35,2,0.012609028452023208
2015,2024-06-22,83,30,3,0.1590708994315032
2016,2023-11-14,63,49,3,0.17113091437666653
2017,2023-01-25,49,34,1,0.14267921702948322
2018,2023-07-12,94,49,1,0.12443338629491763
2019,2024-08-13,34,34,3,0.13466445154055176
2020,2022-11-12,80,40,1,0.027820669107740816
2021,2024-03-22,15,9,3,0.15607511017206652
2022,2022-07-05,10,30,1,0.1956680567629611
2023,2023-06-15,74,22,2,0.12147532042987944
2024,2022-12-29,3,37,3,0.021208429937713325
2025,2023-02-08,92,31,1,0.17554462143459798
2026,2024-09-19,53,46,3,0.012054494765138158
2027,2023-12-12,29,45,2,0.11347508110321938
2028,2024-02-12,19,33,2,0.07128214909603066
2029,2023-12-13,34,17,3,0.10356958421428578
2030,2024-08-07,58,23,3,0.09945405800994911
2031,2022-12-19,55,15,2,0.047581454527525005
2032,2024-07-06,24,49,2,0.03640472649681592
2033,2023-01-03,10,46,2,0.15818381751379332
2034,2024-01-27,59,37,2,0.14248483364146736
2035,2024-05-15,54,31,1,0.17281330880020662
2036,2023-10-09,40,3,1,0.02173081846475078
2037,2022-04-02,63,36,2,0.019803263420699338
2038,2023-09-19,28,12,3,0.19988605550521105
2039,2023-06-15,52,19,2,0.023410482639635345
2040,2024-05-16,92,38,1,0.08353153969088832
2041,2023-01-25,75,39,1,0.019982136836763798
2042,2022-08-30,20,11,1,0.06447274591331986
2043,2022-12-18,26,31,2,0.06150302719202272
2044,2022-01-24,93,8,3,0.08294653708938743
2045,2023-02-23,75,33,1,0.10022349214540412
2046,2022-08-30,52,10,2,0.16098533903247303
2047,2024-01-19,31,24,3,0.09374652072065824
2048,2024-01-08,22,47,2,0.12666030114710217
2049,2022-10-12,34,18,1,0.17278111163404475
2050,2024-05-15,39,21,3,0.07365305150069966
2051,2022-05-24,17,12,1,0.1945097881293632
2052,2022-11-07,17,23,2,0.0560764827859551
2053,2023-04-26,88,33,3,0.10714146575921407
2054,2022-11-22,43,48,3,0.024638424517305427
2055,2023-11-05,46,46,1,0.12691673824691796
2056,2023-01-01,51,18,2,0.1650466680118977
2057,2024-03-22,8,26,2,0.17436638079167976
2058,2023-04-29,97,38,1,0.09381517155279101
2059,2022-03-24,29,2,2,0.06753370215309051
2060,2023-09-01,4,49,3,0.07866053263741286
2061,2024-03-21,51,29,3,0.13082194542055764
2062,2023-11-15,18,40,1,0.09066071140504212
2063,2022-03-02,13,47,1,0.09415865875519976
2064,2023-05-03,100,5,3,0.15306270546265355
2065,2022-05-13,62,36,1,0.17537269880958506
2066,2023-10-27,98,40,3,0.12128941918517994
2067,2023-02-04,38,33,1,0.09006626450570072
2068,2022-01-19,57,24,1,0.17217461090405384
2069,2023-05-21,14,9,3,0.01162395812286492
2070,2022-02-14,64,49,2,0.07833507542077628
2071,2024-08-04,17,19,1,0.052365840438283344
2072,2023-01-05,99,15,2,0.1134959132226514
2073,2022-04-22,67,11,2,0.022831464660409972
2074,2022-12-17,48,41,1,0.10092504956262412
2075,2022-10-18,99,42,1,0.179119065217727
2076,2024-06-03,10,17,2,0.0884976801245042
2077,2022-09-12,73,38,3,0.18938339350045935
2078,2024-07-19,97,7,3,0.1012684535184977
2079,2023-06-17,8,8,3,0.19712201559429332
2080,2023-12-03,13,4,1,0.09384035221241374
2081,2023-05-08,63,50,1,0.19569536921805614
2082,2022-06-30,91,26,1,0.13738938667456738
2083,2024-01-01,18,12,2,0.006244422260841942
2084,2024-04-01,16,50,1,0.19409770461729672
2085,2023-11-25,93,12,2,0.19231150679115935
2086,2023-01-15,87,3,1,0.04728499590832802
2087,2022-04-09,32,26,2,0.028912986471043747
2088,2022-10-28,87,48,3,0.06308102273976042
2089,2023-02-19,31,15,2,0.062482152206639885
2090,2023-06-18,54,8,3,0.12501317676057938
2091,2022-10-05,50,45,3,0.14131528589555983
2092,2024-08-29,15,13,2,0.12870863280350095
2093,2023-10-19,84,43,1,0.020736257506849112
2094,2023-11-20,38,33,3,0.05847669073014668
2095,2022-12-31,87,29,2,0.18629189978103444
2096,2022-01-06,58,17,1,0.017801956605536764
2097,2023-03-31,83,37,3,0.18978768136120003
2098,2024-07-27,63,44,1,0.13773628638064492
2099,2024-07-19,32,18,2,0.09142969627626041
2100,2022-03-15,35,4,2,0.002582806458384268
2101,2024-09-26,3,38,3,0.05258421189276803
2102,2024-03-07,67,32,3,0.18676537548233813
2103,2023-08-07,8,23,3,0.07781900692129949
2104,2022-11-17,22,20,3,0.09827896372202263
2105,2023-09-19,100,13,3,0.00630102892131712
2106,2024-05-23,82,26,1,0.05330139817332154
2107,2024-01-13,49,36,2,0.014267594625429304
2108,2024-02-12,35,9,2,0.038273685104923884
2109,2023-11-02,93,32,2,0.14040715992154415
2110,2024-09-26,97,10,1,0.0261753776369851
2111,2024-06-01,61,41,1,0.020765398212717237
2112,2024-04-02,30,46,2,0.13831387237620904
2113,2022-10-09,55,8,3,0.16940435785859687
2114,2024-08-16,2,44,3,0.09588843000414944
2115,2023-09-15,14,22,1,0.17854151085240105
2116,2022-08-16,31,23,3,0.14810881380987226
2117,2024-01-20,39,48,3,0.08342218742190795
2118,2022-02-02,25,31,2,0.09275482496824111
2119,2022-09-19,50,25,1,0.06724866701566357
2120,2022-11-21,90,6,3,0.08400810838277889
2121,2022-05-08,12,46,2,0.1674237847127843
2122,2023-07-20,37,31,3,0.047998355462691183
2123,2022-02-21,42,21,2,0.07550267460542988
2124,2024-09-01,78,23,2,0.10512462055904528
2125,2024-01-03,85,8,1,0.0641891366945219
2126,2024-05-11,70,5,3,0.15155309444515164
2127,2023-02-22,90,38,1,0.02987943092139067
2128,2023-09-14,38,11,1,0.1512917143676361
2129,2022-07-06,15,10,2,0.13100371096112678
2130,2022-09-21,18,44,3,0.08168012572686792
2131,2022-05-16,82,36,1,0.08875614481563943
2132,2022-10-29,55,22,2,0.07744499502123209
2133,2024-05-21,100,24,1,0.011638937610428536
2134,2024-03-03,5,30,3,0.18316463819125162
2135,2022-10-20,1,43,1,0.08588388028328008
2136,2024-03-14,43,12,3,0.09546994997725966
2137,2022-01-14,2,25,2,0.1542992251874844
2138,2022-08-05,29,32,2,0.13096942458015604
2139,2023-05-06,2,11,2,0.15314942050942135
2140,2023-06-14,85,26,3,0.09070269109628962
2141,2022-02-01,89,19,1,0.14744064009450006
2142,2023-02-08,4,19,3,0.07871626768149208
2143,2023-01-11,13,41,3,0.15638326014807766
2144,2023-12-24,80,22,3,0.03496872643820788
2145,2022-07-02,76,16,2,0.10121364406272718
2146,2024-07-19,74,17,3,0.15388750508470472
2147,2022-08-02,69,36,2,0.14976019446423244
2148,2023-09-01,65,37,1,0.08096405805762899
2149,2022-03-28,81,16,2,0.11139425177279355
2150,2023-02-27,34,48,3,0.0741470736159409
2151,2022-05-08,63,42,1,0.1699687254381923
2152,2023-09-08,4,18,3,0.017143097364987425
2153,2022-09-19,15,2,1,0.16987199991274507
2154,2023-12-29,12,26,3,0.07491374776798394
2155,2023-09-09,29,44,1,0.04705699455768533
2156,2023-05-01,9,6,3,0.0984374531912321
2157,2022-07-19,72,21,1,0.16200356731747714
2158,2022-05-21,75,28,2,0.14257612412327003
2159,2022-11-14,3,30,2,0.07783201112466256
2160,2022-06-21,22,32,1,0.15107510137034963
2161,2023-11-09,17,39,3,0.01747060044274451
2162,2022-12-14,27,6,1,0.04344972737859712
2163,2023-11-17,57,48,1,0.17364805462493405
2164,2023-02-16,97,9,3,0.009642674832850352
2165,2024-04-07,34,24,2,0.1823896808910018
2166,2022-02-15,13,2,3,0.13200514463693017
2167,2022-02-23,66,33,3,0.04007153020914103
2168,2024-06-29,13,29,2,0.08026280454336317
2169,2023-12-23,19,37,1,0.02881183723616301
2170,2022-01-21,67,9,1,0.06738936611312576
2171,2023-08-23,79,8,2,0.051298621222743604
2172,2022-03-08,90,34,1,0.16506506983185365
2173,2023-10-21,52,2,3,0.04952918727923932
2174,2023-10-02,79,38,2,0.020611198394383058
2175,2022-08-11,53,27,1,0.09246872832066946
2176,2024-03-14,91,40,1,0.1877955397105192
2177,2024-09-05,85,35,1,0.18550126108026263
2178,2023-03-09,19,25,2,0.14891251617230963
2179,2022-12-28,81,36,2,0.04637980694500428
2180,2023-11-25,73,50,3,0.14461808209486168
2181,2023-05-09,5,44,3,0.19045328149933594
2182,2024-07-21,2,39,1,0.02913893466616162
2183,2023-01-13,35,12,2,0.121883943104306
2184,2024-06-10,34,46,3,0.045279717789169484
2185,2024-04-30,26,49,1,0.1765744290153877
2186,2022-05-26,54,47,2,0.17098948857543575
2187,2023-12-21,63,21,2,0.010905845076091158
2188,2023-02-28,76,38,2,0.13396548333126995
2189,2022-06-28,68,25,1,0.1593216704819372
2190,2022-10-13,94,22,1,0.11260631842265996
2191,2023-07-02,27,3,3,0.04721971561821319
2192,2022-05-05,39,6,2,0.06451604057359406
2193,2024-07-26,33,44,1,0.1376762792496697
2194,2024-06-14,96,26,1,0.03306327921742271
2195,2023-07-25,19,37,2,0.018281979760224564
2196,2024-02-04,48,36,1,0.12859656945397696
2197,2022-09-05,71,8,2,0.0692640022889538
2198,2023-05-13,49,9,1,0.02638861369002754
2199,2023-02-14,48,34,1,0.19845124033607597
2200,2022-02-05,17,39,2,0.1596352574830122
2201,2023-12-17,38,13,1,0.01007311190883149
2202,2024-05-30,74,12,3,0.11475872313281549
2203,2023-04-21,35,33,1,0.10617525051698047
2204,2023-07-09,59,31,3,0.0458475726958987
2205,2024-08-07,48,16,3,0.0913912185579902
2206,2023-12-18,96,12,1,0.19537528637790758
2207,2024-05-04,16,46,2,0.11279234336200744
2208,2024-06-03,5,15,1,0.1424684557370369
2209,2024-04-29,73,41,1,0.1669732875579052
2210,2022-02-27,69,30,2,0.07546509797683461
2211,2023-07-30,64,14,3,0.18531596315813992
2212,2022-02-12,93,16,3,0.19140780906251698
2213,2023-10-08,89,12,2,0.04664240620785054
2214,2023-07-02,13,32,3,0.13931052813309588
2215,2022-05-14,65,39,3,0.07565420046661878
2216,2024-02-05,10,2,3,0.10006888278774372
2217,2022-11-21,94,5,1,0.12657416970890747
2218,2022-04-20,99,40,3,0.10152706813728796
2219,2024-06-06,30,46,2,0.033229062107247055
2220,2024-05-26,72,9,3,0.01371424032359765
2221,2022-12-24,13,39,2,0.16365455656191968
2222,2022-02-10,92,29,3,0.06749867701606829
2223,2024-05-30,91,23,3,0.026179949759274335
2224,2023-08-24,40,20,3,0.018467178489372182
2225,2024-08-03,41,50,3,0.12939737141466517
2226,2023-10-08,54,30,1,0.08723172154243633
2227,2023-10-05,60,24,3,0.09278939526270667
2228,2024-08-28,76,46,3,0.14999246780167497
2229,2024-07-25,15,31,3,0.01641227290342946
2230,2022-05-03,81,36,3,0.1441939410734897
2231,2023-08-12,29,15,3,0.08054162920721275
2232,2024-02-04,88,43,2,0.08609622647749658
2233,2023-02-12,67,4,3,0.018897939936250642
2234,2024-07-20,8,18,2,0.18353978417361783
2235,2024-02-10,15,9,2,0.061290167730723266
2236,2023-10-28,80,11,3,0.15370574518183033
2237,2024-03-22,16,20,3,0.009827282350019395
2238,2023-04-12,57,25,3,0.14690129284221176
2239,2022-05-22,54,18,3,0.09167005524265691
2240,2023-12-29,34,3,2,0.15182942475409825
2241,2022-12-12,21,49,3,0.09926963004014647
2242,2022-02-28,64,4,2,0.14180104255354534
2243,2022-05-30,21,49,3,0.03243674438968885
2244,2022-01-27,89,28,2,0.063723171601253
2245,2023-12-02,65,29,3,0.08985157530074533
2246,2022-01-13,66,26,3,0.026435933540575718
2247,2022-02-12,60,3,1,0.009361782744534386
2248,2023-06-21,20,32,2,0.18321623216528282
2249,2022-07-03,97,5,3,0.12945495357377987
2250,2022-05-25,90,32,1,0.10497218692747293
2251,2023-06-06,6,35,1,0.09505695033698554
2252,2024-07-31,42,32,3,0.1123680017144667
2253,2024-04-27,23,42,1,0.02321054949824717
2254,2023-09-26,41,47,3,0.09432320103672541
2255,2023-05-10,34,26,2,0.17994941080971338
2256,2024-07-05,99,26,2,0.13657677063121157
2257,2022-07-29,50,21,1,0.11067780115306476
2258,2022-05-14,33,41,1,0.10431413921656546
2259,2022-06-11,47,29,3,0.12711293049684835
2260,2022-06-19,20,9,1,0.004049667078782071
2261,2024-03-02,71,27,2,0.038974776895655455
2262,2023-11-21,43,21,1,0.12350260521506172
2263,2023-01-02,5,30,2,0.11531699332115951
2264,2022-03-03,40,31,2,0.11398307895732461
2265,2022-08-07,58,10,2,0.03301362880620686
2266,2022-08-15,65,15,2,0.0006814138568780993
2267,2024-07-29,64,18,3,0.11613938649371625
2268,2023-10-30,20,14,2,0.10592999480302823
2269,2023-06-15,65,7,1,0.000543663227988711
2270,2023-04-26,67,36,2,0.02614613964985675
2271,2023-05-11,36,13,3,0.11238549539719295
2272,2022-05-29,74,16,1,0.01793416798868579
2273,2024-05-11,22,50,3,0.16790143290326148
2274,2023-03-12,31,34,1,0.12315158187026498
2275,2023-06-22,93,12,1,0.05741319640037941
2276,2022-04-25,35,7,3,0.18347909346802582
2277,2024-03-21,94,46,3,0.03628553090043527
2278,2023-08-06,24,20,2,0.13107012838904855
2279,2023-03-17,12,2,3,0.06609439510067949
2280,2022-11-04,76,44,1,0.18247932513945275
2281,2024-05-07,41,43,3,0.10029767689306124
2282,2023-07-09,28,23,2,0.1272693753163437
2283,2024-07-26,56,29,3,0.19251222306694027
2284,2023-04-09,4,28,2,0.09232752622187351
2285,2022-08-09,41,10,1,0.15578527440206236
2286,2023-08-10,28,5,2,0.014797728217038132
2287,2024-06-22,77,2,3,0.0903203788810997
2288,2024-02-25,36,36,3,0.1650410769577994
2289,2023-05-26,71,38,1,0.16962531839163345
2290,2024-09-14,10,43,1,0.07737278659742881
2291,2022-05-18,1,11,1,0.1107595328669081
2292,2023-12-27,84,11,1,0.1324933841411813
2293,2023-12-29,15,45,1,0.19495283132749586
2294,2023-09-03,39,6,2,0.01982249849639328
2295,2023-04-02,12,32,1,0.18918492535995035
2296,2024-09-14,27,19,3,0.18190330892518647
2297,2024-08-12,21,17,2,0.16721367588147706
2298,2024-01-04,26,14,3,0.1262832436315499
2299,2023-01-11,84,35,1,0.0573341426063082
2300,2023-10-12,5,2,3,0.023502193752360137
2301,2022-07-19,92,26,2,0.039496955845700815
2302,2022-07-11,98,44,3,0.03251466162803418
2303,2023-08-02,63,28,1,0.035897795875790964
2304,2022-08-11,87,41,2,0.0232616680387157
2305,2022-08-19,98,42,1,0.10647262472587574
2306,2023-04-26,65,17,2,0.1387091614195209
2307,2023-03-21,26,38,1,0.14935787600886605
2308,2022-03-16,14,14,3,0.11800201034898201
2309,2022-01-05,29,23,1,0.08332318478944055
2310,2022-11-20,49,45,1,0.018542791876238286
2311,2024-01-09,96,43,3,0.004016336181920921
2312,2023-03-12,52,18,1,0.0583579284643706
2313,2022-07-19,48,43,2,0.015722419291059598
2314,2022-03-19,5,50,2,0.12243877203605225
2315,2023-04-05,71,2,2,0.039297501843854304
2316,2024-06-22,93,11,1,0.18440107355122806
2317,2022-07-15,73,17,3,0.16218276198010861
2318,2022-10-05,42,37,2,0.025551564677112594
2319,2024-04-27,25,11,2,0.1645641846181368
2320,2024-04-19,49,28,1,0.06736656767737896
2321,2022-02-08,21,44,1,0.06504053217485527
2322,2024-01-02,35,6,1,0.055832784974821296
2323,2024-02-06,81,23,3,0.03982370239629549
2324,2024-09-21,2,22,3,0.018345798529953373
2325,2024-05-30,17,1,2,0.08854485760924005
2326,2024-02-18,61,15,2,0.0426143972286142
2327,2023-10-13,59,26,2,0.1516103496242146
2328,2024-08-20,27,29,3,0.08123231037164057
2329,2024-08-19,65,22,2,0.020088799690300307
2330,2022-06-22,74,45,3,0.04266382470474246
2331,2022-11-24,61,42,2,0.022707024628120732
2332,2024-07-24,57,14,3,0.17506821494160654
2333,2022-04-09,53,44,1,0.18713345831503045
2334,2024-08-05,11,2,3,0.11041261907150186
2335,2023-12-12,66,9,1,0.1423852786995553
2336,2022-04-27,96,27,1,0.047460395586808035
2337,2023-09-26,25,1,1,0.14557785201799767
2338,2022-05-28,98,37,2,0.17680436646899264
2339,2022-03-29,78,8,2,0.1312879038474801
2340,2023-02-06,65,28,1,0.13728422230536316
2341,2022-02-05,23,5,1,0.022526319139456352
2342,2022-03-29,12,42,2,0.09310392174906455
2343,2022-02-24,26,19,3,0.16507536541542422
2344,2022-12-25,76,46,1,0.1778519498728524
2345,2023-12-26,67,44,2,0.15174469852267275
2346,2022-12-01,80,25,3,0.05515590222496913
2347,2023-08-28,61,18,2,0.16997284264930848
2348,2023-02-28,68,16,3,0.07795503928965918
2349,2024-03-31,19,43,1,0.07297099839002129
2350,2022-11-16,31,3,1,0.118131204249443
2351,2024-04-25,34,13,3,0.010960841576365211
2352,2022-02-03,52,22,3,0.1272485574770226
2353,2023-12-21,41,22,2,0.10013606271449796
2354,2023-05-03,21,29,2,0.12063444337193392
2355,2024-09-06,82,6,1,0.12689303743752922
2356,2023-01-29,95,14,1,0.16554955592408288
2357,2022-09-03,73,42,2,0.15584649453625943
2358,2024-01-21,62,20,3,0.1903575768379535
2359,2022-11-29,95,2,3,0.17418593917627082
2360,2023-07-12,10,49,1,0.19979035421027647
2361,2022-06-02,4,10,1,0.013536317042437119
2362,2024-06-18,87,9,3,0.17921850855972943
2363,2022-11-27,14,49,3,0.034503308542754164
2364,2022-06-14,97,3,2,0.17853218264792295
2365,2023-06-25,32,1,1,0.1698116475515013
2366,2022-08-24,73,43,2,0.061588465619135294
2367,2022-11-24,87,30,1,0.1543693040540615
2368,2022-03-26,90,3,1,0.07073391610764634
2369,2024-08-25,63,7,1,0.17353596136792165
2370,2022-02-28,78,49,1,0.07398953208997538
2371,2022-02-09,17,48,3,0.06848773731036029
2372,2023-09-22,65,25,1,0.033729366896444034
2373,2022-02-20,49,5,1,0.12003754951688068
2374,2024-07-02,67,17,2,0.04501318165127915
2375,2022-03-28,93,38,3,0.16125179327869413
2376,2023-08-30,4,44,2,0.17888952650298107
2377,2022-09-06,29,43,1,0.07640923440823036
2378,2023-07-13,46,1,2,0.1697979328165845
2379,2022-12-09,20,11,2,0.07130538462607794
2380,2023-03-06,88,25,1,0.020563803337002053
2381,2024-05-21,29,44,2,0.10510145981265118
2382,2022-08-27,77,40,1,0.06033000240907396
2383,2022-10-09,36,5,3,0.023020547330952424
2384,2022-05-16,23,24,1,0.14055707054270858
2385,2023-12-14,57,29,1,0.1697455390923817
2386,2022-01-03,70,15,3,0.15583549052750106
2387,2023-10-21,12,50,3,0.0471825384507264
2388,2024-09-02,74,50,3,0.08648369367603892
2389,2023-08-21,44,8,3,0.18568310149444645
2390,2022-10-09,4,7,1,0.01625555809243644
2391,2022-02-19,68,12,2,0.08409702128575819
2392,2024-02-14,14,6,3,0.01154040902832696
2393,2022-04-18,41,40,3,0.04901019434721097
2394,2022-01-04,45,28,2,0.04921955159079625
2395,2022-06-26,20,41,1,0.15318646532586422
2396,2022-08-09,74,23,2,0.17621748827831368
2397,2023-12-24,7,35,2,0.13630646920796238
2398,2023-10-14,30,15,1,0.09179370340053264
2399,2023-03-11,42,2,1,0.1500217329826857
2400,2023-04-21,57,32,1,0.05077502170836774
2401,2024-04-19,95,49,3,0.057028576360878686
2402,2024-01-04,38,48,2,0.06764442963090789
2403,2022-07-03,92,34,1,0.0495703793664269
2404,2024-03-19,85,22,1,0.012238853124570204
2405,2023-03-15,81,21,2,0.03323586382953969
2406,2024-08-24,89,4,2,0.13001176374016643
2407,2023-05-23,33,44,1,0.15243623098226894
2408,2023-02-04,10,25,1,0.1954862575965334
2409,2022-10-25,45,40,2,0.1694260357476791
2410,2023-12-12,52,28,3,0.021600493856124305
2411,2022-07-17,93,30,3,0.09911074993300609
2412,2022-05-27,26,42,3,0.015356866246685264
2413,2023-07-17,90,33,1,0.16611676785869628
2414,2024-02-26,55,27,3,0.09866961144234246
2415,2023-05-28,29,38,1,0.17226252835908554
2416,2023-04-09,81,30,1,0.1781412157977046
2417,2022-02-25,50,18,1,0.0103345428004743
2418,2023-06-29,68,21,3,0.13152634537881958
2419,2024-08-09,11,24,1,0.06656488284711506
2420,2022-08-22,40,45,2,0.15230570248641578
2421,2022-01-15,87,25,2,0.13556769525856943
2422,2023-09-16,49,38,3,0.19696042361926666
2423,2023-02-26,57,11,1,0.040154924352109635
2424,2023-02-12,38,44,2,0.11281033927067097
2425,2023-05-02,79,1,2,0.0745384084871142
2426,2023-01-29,81,22,3,0.026492207407497293
2427,2022-04-22,68,37,1,0.02273030062960333
2428,2024-03-12,85,8,2,0.11454381901702233
2429,2024-03-17,51,25,1,0.12319029022970938
2430,2024-09-27,46,46,3,0.06894473577761571
2431,2022-09-14,97,11,3,0.0034166170876055446
2432,2023-04-28,55,1,3,0.07362081359476413
2433,2022-07-08,66,41,3,0.049032038946459404
2434,2022-09-23,25,7,2,0.03308653299160298
2435,2022-12-24,87,34,3,0.01566487416094067
2436,2023-03-23,2,49,2,0.1646290620513044
2437,2024-08-15,45,21,1,0.051880512688362274
2438,2023-11-12,34,7,3,0.09215648367485015
2439,2023-05-19,75,27,2,0.030676876390353304
2440,2022-02-08,2,3,2,0.026969237206547647
2441,2024-04-28,5,34,3,0.03848274707291473
2442,2023-09-01,76,11,1,0.16262987963867914
2443,2022-07-27,76,29,1,0.05668791401547604
2444,2023-03-28,76,8,2,0.029091869952372097
2445,2023-05-07,25,2,2,0.10525705317713883
2446,2023-02-21,32,33,2,0.07197930878264362
2447,2024-01-30,55,36,3,0.08607598493689926
2448,2024-03-25,39,46,1,0.06957754232922711
2449,2023-08-30,57,16,3,0.1726696204478969
2450,2023-12-22,92,12,2,0.05234247929104446
2451,2022-04-04,66,19,1,0.055836896688995365
2452,2022-08-02,21,17,2,0.10001960069017415
2453,2023-01-09,22,19,1,0.021980801831145504
2454,2022-04-16,36,3,2,0.08854994550745172
2455,2024-05-11,35,23,3,0.07897028490033933
2456,2022-04-28,39,10,3,0.008576800868454115
2457,2024-06-20,60,6,3,0.1932865691351921
2458,2024-04-29,8,32,1,0.13884826425084826
2459,2022-08-27,63,26,1,0.011032958265632732
2460,2022-12-08,5,3,2,0.019240556523894982
2461,2024-09-04,84,43,1,0.18210381585278165
2462,2024-02-29,33,1,3,0.18449805676890937
2463,2022-12-17,39,33,2,0.005680727562004173
2464,2024-05-13,15,8,2,0.08943821356071989
2465,2024-09-12,17,8,3,0.19345552900977456
2466,2022-11-06,97,8,1,0.1255166434419031
2467,2022-08-08,19,10,1,0.09152747071820769
2468,2023-07-14,35,27,2,0.09376666307440124
2469,2022-07-25,66,32,2,0.033949519707746116
2470,2022-12-25,82,31,1,0.13951807939126806
2471,2022-08-26,92,13,2,0.04311385413227047
2472,2023-09-07,45,19,1,0.10651720496591209
2473,2023-11-25,29,18,1,0.09553181751551748
2474,2022-03-11,19,35,3,0.08978733324920535
2475,2022-03-03,64,14,1,0.06665090235855575
2476,2024-08-09,50,4,3,0.141385826042591
2477,2023-05-18,78,43,2,0.16725419994337928
2478,2022-05-13,27,4,1,0.08409828611829638
2479,2022-03-30,90,28,2,0.10003080988211387
2480,2022-08-14,47,9,3,0.18957667262428868
2481,2023-10-08,1,5,2,0.14012135961211125
2482,2022-11-23,84,23,2,0.14702828467178355
2483,2023-10-22,44,39,1,0.16100015571884577
2484,2022-10-07,70,9,2,0.1961972302087035
2485,2022-05-31,30,8,2,0.0046611557251114545
2486,2022-07-05,43,44,3,0.10906391830617464
2487,2023-05-17,5,45,3,0.15730096287569043
2488,2023-05-27,91,33,1,0.15985854040824432
2489,2022-11-20,58,44,2,0.18160053628042683
2490,2022-02-09,24,27,3,0.15851713165848907
2491,2024-04-09,7,33,2,0.14679626564038897
2492,2022-09-10,51,28,1,0.10007093488615736
2493,2024-01-31,21,17,3,0.18689490248500626
2494,2022-01-03,9,49,2,0.13210842349651086
2495,2023-04-06,67,45,2,0.046353458151962436
2496,2022-09-18,46,31,3,0.09707047194305324
2497,2022-11-26,2,16,1,0.08604830640958178
2498,2022-11-29,4,26,3,0.06639147311801799
2499,2023-01-28,38,43,1,0.04068199853275809
2500,2023-11-07,71,43,3,0.012356786035351798
2501,2022-09-06,42,30,3,0.023132663504095263
2502,2023-09-10,99,38,2,0.12212639443286649
2503,2024-09-11,60,50,3,0.05680246356659389
2504,2022-10-15,80,2,3,0.044209995544125885
2505,2023-06-29,10,47,2,0.08437730386638137
2506,2022-06-16,29,4,3,0.14475283091836086
2507,2023-02-06,54,42,3,0.1666282546540232
2508,2023-07-28,87,25,1,0.15733904644686092
2509,2022-06-28,97,18,3,0.10850683763532605
2510,2022-05-23,61,38,2,0.11401823578442985
2511,2022-01-14,8,34,2,0.14805847364559074
2512,2023-11-14,69,17,2,0.053015827664396525
2513,2022-05-27,21,33,3,0.11364635459795647
2514,2023-07-08,46,39,3,0.09746298974699541
2515,2022-09-11,74,31,3,0.13063323174350297
2516,2022-10-23,21,34,3,0.024969201978567113
2517,2023-03-20,61,21,1,0.010575618248305397
2518,2022-10-31,49,38,1,0.1782025147375551
2519,2024-04-10,2,3,3,0.02449148981713674
2520,2023-03-09,45,48,1,0.05464391657949419
2521,2023-02-27,77,48,1,0.1756154979368588
2522,2023-03-24,22,42,1,0.17193305090911057
2523,2022-05-11,32,44,3,0.10130033324313324
2524,2023-01-26,27,28,2,0.15560225687229395
2525,2024-06-02,37,34,3,0.11755590585965803
2526,2024-04-16,20,7,3,0.13472546261923837
2527,2022-07-11,98,6,3,0.19509284427018223
2528,2022-09-16,68,27,1,0.0922779653288324
2529,2022-10-20,86,14,3,0.029080058504388818
2530,2022-11-24,54,46,3,0.1618574260686361
2531,2022-09-22,58,33,2,0.15163714294520553
2532,2022-02-17,48,10,2,0.1632742162424441
2533,2022-07-18,33,7,3,0.12057410343616362
2534,2024-05-06,30,17,3,0.18462376605331626
2535,2024-07-26,10,4,3,0.0651583871220804
2536,2023-11-07,79,10,2,0.16999832687277905
2537,2023-09-09,57,4,3,0.022076109445690807
2538,2023-06-15,73,32,3,0.15826746892374208
2539,2023-06-28,43,8,1,0.08194499943533413
2540,2023-12-24,93,27,3,0.14934669196565367
2541,2023-11-08,93,43,3,0.16434172355852358
2542,2022-01-01,6,25,3,0.1940029700934716
2543,2023-12-23,24,1,2,0.03362145677543817
2544,2023-03-29,86,28,3,0.11774597346510121
2545,2022-09-05,80,24,3,0.01795128447774137
2546,2022-12-04,5,35,2,0.14967058123092045
2547,2024-07-06,40,43,3,0.10321336288539391
2548,2022-01-23,7,10,3,0.16670169824634298
2549,2024-03-16,90,47,2,0.07997192010174521
2550,2023-02-26,43,34,3,0.037990616605676576
2551,2024-09-15,75,5,3,0.07122214540647927
2552,2023-07-16,62,3,2,0.16817435959813323
2553,2023-04-21,94,37,3,0.07105739074029323
2554,2023-08-03,19,35,3,0.18363572285496302
2555,2022-12-15,100,8,2,0.08156357289032881
2556,2023-03-29,97,32,1,0.16876944431746776
2557,2023-10-13,69,15,2,0.10252075541975987
2558,2022-04-24,44,28,2,0.13479629730065681
2559,2023-03-05,4,10,2,0.026489721790955125
2560,2024-08-22,12,46,3,0.00746318224841831
2561,2023-07-29,20,22,3,0.1944093440728162
2562,2024-04-25,20,16,1,0.06252743508486973
2563,2024-01-12,91,8,1,0.19183285195088212
2564,2023-05-20,89,28,2,0.0997921722242262
2565,2023-12-31,87,26,1,0.1839778802259957
2566,2023-07-03,80,36,1,0.1410803142847495
2567,2023-07-31,68,4,3,0.17387583045084953
2568,2023-07-12,79,29,1,0.1007545149944597
2569,2022-05-13,8,39,2,0.026222610396646487
2570,2022-03-09,51,37,1,0.017506886021361436
2571,2022-07-23,81,28,3,0.14348622887274187
2572,2024-04-16,25,36,3,0.1646794350300924
2573,2024-05-07,66,50,2,0.1841885680930959
2574,2023-06-07,16,5,1,0.12750108218317088
2575,2022-12-26,27,32,1,0.058111163979222495
2576,2022-05-19,57,26,3,0.07803956019915984
2577,2022-07-15,63,47,2,0.12509509092724536
2578,2024-05-17,84,2,3,0.06911169530583398
2579,2022-10-29,30,14,2,0.05610580205609639
2580,2024-01-22,61,16,1,0.16097768024845138
2581,2024-09-04,77,23,1,0.16469372013223965
2582,2023-06-18,55,30,1,0.02418377780394936
2583,2023-09-18,63,17,3,0.061798374858863504
2584,2023-04-19,92,2,3,0.11885381519113028
2585,2023-07-08,59,5,3,0.01558560295882534
2586,2024-05-05,50,10,2,0.06645578954431484
2587,2023-06-28,17,41,1,0.06862285226091673
2588,2024-05-17,31,15,2,0.06321004620666369
2589,2022-11-03,35,41,3,0.029732465638549255
2590,2024-04-22,68,1,2,0.14620250628643558
2591,2024-04-10,82,50,2,0.15322847821375027
2592,2024-06-10,20,25,1,0.06522699294457768
2593,2022-11-13,87,50,3,0.00819829209166363
2594,2022-09-06,66,19,3,0.06765674486519938
2595,2024-08-27,15,38,3,0.030492199786301334
2596,2024-07-16,86,42,1,0.08359332840743215
2597,2023-04-24,59,34,2,0.06994740626110384
2598,2023-08-08,52,6,1,0.08519953362375086
2599,2024-05-06,39,32,3,0.1076726479565912
2600,2022-07-28,61,46,1,0.1428031045707922
2601,2023-11-03,47,41,3,0.14823502907066366
2602,2023-03-09,72,29,2,0.02495776083506849
2603,2023-09-27,52,4,1,0.06388350640509258
2604,2023-08-09,51,41,2,0.041871277841267124
2605,2022-02-07,100,27,2,0.16811892699337683
2606,2024-04-16,31,43,1,0.012777708123634258
2607,2022-04-29,84,48,2,0.16169798275298425
2608,2022-06-19,74,25,3,0.009616988039464692
2609,2022-08-13,58,40,3,0.13563494413538932
2610,2024-05-12,85,27,3,0.18155149780095534
2611,2023-01-07,37,12,3,0.0517824816657049
2612,2023-12-30,64,27,1,0.022757647027801545
2613,2023-03-03,77,27,1,0.06571684312252675
2614,2023-06-05,88,21,2,0.18532879845952088
2615,2022-09-29,7,25,3,0.06821696968158107
2616,2022-09-10,51,5,2,0.05296491192176944
2617,2022-08-06,86,13,3,0.1774806827345582
2618,2024-09-24,55,17,1,0.04652046307482874
2619,2024-04-29,12,36,3,0.05469627648930584
2620,2022-04-13,18,48,3,0.060976401841118036
2621,2023-05-10,8,34,2,0.08132831985620628
2622,2024-06-18,58,44,2,0.17368424135317592
2623,2024-08-27,25,34,1,0.1853950292569635
2624,2022-06-19,85,3,1,0.12711154252843118
2625,2024-05-28,22,45,3,0.052659719421326856
2626,2023-11-22,63,28,1,0.10835066006011783
2627,2023-07-17,74,35,3,0.19242802726098843
2628,2023-01-21,74,49,1,0.06021245384194079
2629,2022-09-30,36,42,3,0.006542534005590528
2630,2022-05-10,90,46,2,0.18049960209690027
2631,2022-03-12,2,5,1,0.19077552286605975
2632,2022-12-07,87,9,1,0.09703444903824175
2633,2022-12-09,7,50,1,0.013619937805802973
2634,2024-02-01,71,36,1,0.19966636165009444
2635,2024-04-22,96,27,2,0.18912924051428281
2636,2022-11-25,15,50,1,0.011304989886942085
2637,2022-04-10,24,11,2,0.19840250106790977
2638,2023-02-11,80,10,3,0.18931542646152488
2639,2022-08-12,40,22,3,0.060440131954170445
2640,2022-03-04,63,15,1,0.046640170411559836
2641,2024-09-02,5,13,1,0.006670283942314593
2642,2022-01-11,44,7,1,0.09094637832504515
2643,2024-09-26,53,6,2,0.14683611700798638
2644,2022-12-16,86,14,1,0.1975420780161245
2645,2024-09-06,52,33,1,0.12619065185061523
2646,2023-07-19,4,24,3,0.017595576459117867
2647,2022-07-25,53,15,1,0.059392986776216364
2648,2022-06-10,27,47,1,0.12223715124950402
2649,2024-03-06,18,48,2,0.18667469945610693
2650,2022-11-15,6,20,1,0.1703681486698563
2651,2022-11-25,19,27,2,0.04475673276017385
2652,2024-04-08,87,12,1,0.12468719131378092
2653,2023-05-20,29,16,3,0.0380596662077936
2654,2023-08-15,56,33,2,0.005427944217148007
2655,2022-04-21,46,34,1,0.0906455879552741
2656,2023-10-21,99,10,1,0.18089758241426393
2657,2022-01-30,47,21,1,0.1049185934330958
2658,2022-01-31,15,36,3,0.16978135223239368
2659,2023-08-24,78,20,2,0.10861272668686368
2660,2023-11-14,86,46,2,0.07302310737435434
2661,2022-10-05,47,14,1,0.14350000605948543
2662,2022-02-19,18,7,2,0.043882531222633636
2663,2022-12-26,51,7,2,0.08010927273166212
2664,2022-08-29,18,12,1,0.022421990319087384
2665,2024-05-16,58,27,1,0.03584013518543572
2666,2022-11-07,17,8,3,0.1496032519949077
2667,2023-11-24,44,39,2,0.0937644495381032
2668,2022-01-30,46,28,3,0.15411443938108368
2669,2024-01-19,34,18,3,0.024674641356801842
2670,2022-08-06,94,42,1,0.06591843134077278
2671,2023-03-12,6,24,3,0.1210813008763144
2672,2022-08-30,42,22,1,0.07119322221324571
2673,2022-01-17,23,3,1,0.10987389388009623
2674,2023-10-01,1,42,2,0.13302538666141214
2675,2022-08-18,94,47,2,0.19945648394476118
2676,2022-01-09,55,9,3,0.03834238573676048
2677,2023-12-07,36,34,2,0.16359603384146315
2678,2022-01-22,44,37,1,0.06980529717104489
2679,2023-03-15,37,11,3,0.15028157016455493
2680,2022-11-16,38,22,1,0.10478326986682812
2681,2023-10-01,85,4,3,0.09672922183179805
2682,2024-02-01,99,36,3,0.046158908539258706
2683,2023-09-21,14,20,1,0.1759149563376451
2684,2024-07-31,75,4,1,0.06281620495450913
2685,2022-06-12,9,47,2,0.17470166062468048
2686,2024-08-01,3,4,2,0.00020620929606485205
2687,2022-09-03,88,29,1,0.07181308977291383
2688,2024-05-12,94,50,2,0.14432062023188028
2689,2023-01-30,11,42,3,0.024382085362059703
2690,2023-12-05,55,4,2,0.028481236602373075
2691,2023-01-13,39,19,1,0.15003259000791191
2692,2024-05-02,48,6,1,0.01664318858901881
2693,2022-08-08,98,39,2,0.011084075928958681
2694,2024-03-01,41,30,3,0.015180651209068441
2695,2023-04-22,71,35,1,0.01317574400244499
2696,2022-05-25,28,26,1,0.19892794882504716
2697,2022-02-16,95,35,3,0.1983721455456314
2698,2022-01-13,39,37,3,0.02908419829527862
2699,2022-05-06,1,11,2,0.17718325804922871
2700,2023-10-19,33,3,1,0.18915368840158553
2701,2023-05-22,20,26,3,0.12511193481321572
2702,2024-08-20,84,31,3,0.03978113352476418
2703,2024-06-27,7,24,3,0.04670794059151198
2704,2024-08-17,87,22,3,0.032862941099956446
2705,2024-03-28,61,47,2,0.18998527602038887
2706,2023-11-01,40,9,2,0.03816911786693884
2707,2023-10-26,10,6,1,0.022249074357263733
2708,2022-11-20,18,9,2,0.1102699346337225
2709,2023-05-15,79,18,1,0.18141056050912913
2710,2024-06-08,34,36,1,0.0028123763138240944
2711,2022-05-23,35,34,3,0.09371974455400228
2712,2022-02-08,63,50,3,0.10656974618534326
2713,2024-05-04,32,18,2,0.13374426129409653
2714,2023-08-15,20,34,1,0.19197053952011509
2715,2022-05-13,33,40,1,0.08481456877157603
2716,2022-05-10,86,1,1,0.15143909952527418
2717,2024-02-22,10,43,2,0.17596926582988315
2718,2024-02-06,37,32,1,0.07825220717079302
2719,2022-05-24,10,45,2,0.10334526599576999
2720,2022-04-29,52,32,3,0.10554958015629386
2721,2024-07-08,7,11,3,0.16494519933375507
2722,2022-11-12,74,47,3,0.0457694066942556
2723,2022-05-09,72,44,1,0.19863870436983766
2724,2023-03-12,2,34,3,0.1730482596119649
2725,2024-03-18,25,18,1,0.01182274095391851
2726,2024-06-09,4,45,1,0.08609399960289527
2727,2022-06-21,56,34,3,0.07291625728111406
2728,2022-10-12,45,31,1,0.026065776578330247
2729,2023-05-04,4,2,3,0.0850508187226641
2730,2022-06-03,65,46,2,0.07714022321832614
2731,2022-11-24,30,37,1,0.16641765703573969
2732,2023-08-04,29,12,2,0.12138344087717315
2733,2022-02-13,88,44,1,0.03491135464011976
2734,2023-01-07,29,45,1,0.004536621185047252
2735,2023-07-13,26,47,2,0.011706184032654977
2736,2022-10-26,50,8,3,0.0796560082895546
2737,2023-06-29,64,48,1,0.0670302758455306
2738,2024-07-03,49,12,3,0.0633287954895589
2739,2024-03-08,35,31,3,0.09598212131965332
2740,2022-10-05,71,7,2,0.19203225343582175
2741,2022-02-01,98,45,1,0.08535124356342039
2742,2023-01-21,38,7,1,0.05147662924248635
2743,2022-07-11,35,14,2,0.045328313209551954
2744,2022-02-26,88,37,1,0.054798303557432364
2745,2024-06-18,43,45,2,0.15447655577474298
2746,2023-07-30,35,12,2,0.05744528209337503
2747,2024-02-15,86,35,3,0.17963555929309089
2748,2022-10-19,21,25,1,0.05295246121845576
2749,2022-11-04,93,24,1,0.04211609329596144
2750,2024-03-12,29,38,3,0.1797078132447889
2751,2022-12-21,94,29,1,0.01651116988812138
2752,2023-10-09,64,7,3,0.05066672221309468
2753,2022-11-29,56,3,3,0.15458549462363724
2754,2023-02-13,63,31,1,0.18111250668204293
2755,2023-11-19,94,1,2,0.030855072457659706
2756,2023-04-10,28,20,2,0.13258578817480945
2757,2024-07-08,13,26,3,0.14624943349167224
2758,2023-02-07,49,5,1,0.10459545724375137
2759,2022-08-08,33,37,3,0.0011767294894389213
2760,2024-02-17,16,23,2,0.013133924874451353
2761,2022-02-04,52,31,3,0.059081829304939104
2762,2024-09-02,64,49,1,0.036185435066196
2763,2024-01-09,35,7,2,0.16688597850763515
2764,2023-06-21,94,13,1,0.011126597610181754
2765,2022-08-18,59,34,2,0.13207379770975275
2766,2023-09-30,70,38,1,0.09714721234330148
2767,2022-06-29,83,46,2,0.14102136380394728
2768,2022-11-22,4,42,1,0.1759415810255784
2769,2022-07-02,2,3,2,0.1714031835255321
2770,2022-03-18,50,47,2,0.17278112817058291
2771,2022-08-13,49,4,1,0.03891269475116721
2772,2024-06-18,38,49,3,0.11411530380866348
2773,2023-05-18,56,18,3,0.1529228478136161
2774,2022-09-29,18,19,1,0.10532815506343203
2775,2022-03-09,19,14,1,0.0976380620113942
2776,2023-06-09,51,49,2,0.14169341909296135
2777,2024-01-10,42,15,3,0.1208369467681557
2778,2022-08-20,35,12,2,0.17403525334555695
2779,2022-04-29,83,41,1,0.0931604753647612
2780,2023-12-11,45,31,3,0.19666746518701822
2781,2022-05-16,15,26,2,0.18233753622897997
2782,2024-08-23,98,28,1,0.049214777314174896
2783,2024-06-23,7,28,2,0.16117526908929095
2784,2022-10-15,24,38,1,0.0331447764988325
2785,2023-05-11,31,21,2,0.057922801453681366
2786,2022-12-07,72,44,3,0.09417166395515895
2787,2022-11-24,60,12,3,0.09835324892639996
2788,2023-05-26,54,44,3,0.07347387136237762
2789,2024-05-09,61,20,3,0.005134825750187933
2790,2023-10-22,51,49,2,0.07956849645433087
2791,2023-04-08,73,35,3,0.05579018613729896
2792,2022-10-06,89,29,1,0.04807547031708464
2793,2022-09-16,53,16,3,0.010045149337396687
2794,2022-05-26,51,12,2,0.09369095747070462
2795,2022-10-14,87,22,2,0.046846873525384906
2796,2023-03-04,21,35,1,0.15280466707360998
2797,2023-06-09,16,15,2,0.11474450733186173
2798,2022-10-02,14,6,1,0.05368845516052992
2799,2023-10-04,67,7,2,0.07547558003326887
2800,2024-03-11,85,36,1,0.18003542146408047
2801,2023-04-13,18,12,3,0.05065008621835243
2802,2023-06-09,51,22,2,0.094078692341943
2803,2023-11-10,55,10,1,0.1286717520419942
2804,2024-06-13,13,38,3,0.05396725289213016
2805,2023-11-17,81,49,1,0.1298310790934617
2806,2022-11-11,66,44,1,0.13474486923930923
2807,2023-11-17,96,25,1,0.12218848942272541
2808,2023-11-24,77,29,3,0.0926394681552434
2809,2023-07-05,53,44,3,0.15060706116729258
2810,2023-08-05,91,24,2,0.07164075309690963
2811,2024-03-31,92,19,3,0.020378699613016884
2812,2022-01-10,49,37,2,0.06960472216346587
2813,2024-02-03,50,49,2,0.06960595493233812
2814,2024-04-11,87,5,1,0.19476005512582553
2815,2022-01-09,18,12,2,0.021426759519961026
2816,2022-06-13,32,3,3,0.12883641460044176
2817,2022-10-15,27,24,3,0.19558423613446194
2818,2022-10-15,65,15,3,0.091625636182675
2819,2024-06-11,96,15,1,0.17873794289156802
2820,2023-12-23,79,26,3,0.16824762035324148
2821,2024-08-21,69,35,2,0.11621970468260559
2822,2024-08-18,54,10,3,0.08667865096738646
2823,2022-05-19,91,50,1,0.1463440384245255
2824,2022-05-09,45,32,3,0.058091798662322724
2825,2022-04-27,6,42,2,0.08564628531775867
2826,2023-11-12,35,41,1,0.19044832690607283
2827,2023-09-23,89,48,1,0.15316870572847752
2828,2023-03-02,22,7,3,0.07777460164439494
2829,2024-04-17,58,44,3,0.10277375664981087
2830,2023-08-05,47,39,2,0.027404572146431883
2831,2022-10-03,83,49,1,0.18099897573436688
2832,2024-04-27,23,16,3,0.185950058053576
2833,2023-07-08,87,34,1,0.11279912969942961
2834,2023-01-13,82,33,3,0.08932950268182854
2835,2022-08-05,6,39,3,0.15777350056619688
2836,2023-10-19,63,7,3,0.08153041166015287
2837,2022-06-30,52,19,3,0.021713539415511088
2838,2023-07-18,73,37,1,0.13694708887128773
2839,2024-05-19,91,34,1,0.06099659019727462
2840,2022-02-24,26,46,2,0.017639604342127146
2841,2024-02-25,77,15,2,0.15926818063763665
2842,2024-06-04,5,30,1,0.05545063475992638
2843,2022-01-22,3,7,1,0.004957825393503246
2844,2022-01-05,56,24,1,0.015029790418374002
2845,2023-09-20,94,3,3,0.07061415002269637
2846,2022-12-29,85,4,2,0.10806551152485538
2847,2023-06-11,18,1,2,0.012135721531525935
2848,2023-01-12,9,1,2,0.08290926278444095
2849,2023-07-16,28,25,1,0.1291869712665174
2850,2024-07-02,87,43,3,0.09243877222841877
2851,2024-06-05,14,49,2,0.01535260955552611
2852,2023-06-12,24,6,1,0.1526258370457293
2853,2024-01-21,95,8,3,0.05449840978145957
2854,2022-05-25,44,39,3,0.1509072530996335
2855,2024-07-07,91,9,2,0.012212041326623548
2856,2023-03-09,78,8,2,0.15718476098928547
2857,2023-09-25,21,25,2,0.12050236856143755
2858,2023-02-14,69,1,3,0.13891207176268533
2859,2022-08-08,45,33,3,0.09312650082018559
2860,2023-01-26,4,42,2,0.14639015000190955
2861,2024-08-04,32,27,2,0.09983780638240776
2862,2024-03-21,33,31,2,0.05965820870845571
2863,2023-12-25,53,21,3,0.15132594056420692
2864,2023-06-17,47,44,1,0.023661106013252487
2865,2022-06-28,8,28,2,0.19835988021358167
2866,2023-03-23,17,31,3,0.16012494486903056
2867,2023-05-04,2,11,1,0.12857814655520877
2868,2022-07-12,86,39,2,0.06340588060174886
2869,2024-04-16,85,45,1,0.033474563511534196
2870,2022-08-20,79,35,2,0.0044572867221459814
2871,2023-12-11,31,32,2,0.08259761527165739
2872,2022-03-25,41,42,2,0.044329625973645426
2873,2022-02-11,52,43,1,0.11725545324753649
2874,2022-05-08,35,8,1,0.10502469701422933
2875,2023-08-11,44,8,1,0.07701922332272536
2876,2024-08-21,81,28,3,0.09582067561757882
2877,2024-01-06,4,25,1,0.06580049304508291
2878,2023-03-07,69,36,2,0.005584106034166614
2879,2022-03-12,13,4,1,0.10914923647814863
2880,2022-06-30,31,32,2,0.056077531338044564
2881,2023-08-12,57,25,1,0.04390386735171157
2882,2024-07-01,71,31,1,0.027555727717943214
2883,2024-01-13,40,25,3,0.06085708024796275
2884,2023-01-23,98,17,1,0.020817887374306412
2885,2023-06-28,4,24,2,0.1014355259814467
2886,2023-04-28,21,41,3,0.17524098302081215
2887,2024-04-07,27,47,3,0.15946484576515108
2888,2023-05-07,65,15,1,0.10168452094628871
2889,2022-08-15,32,5,1,0.04106861981693266
2890,2022-03-25,71,14,3,0.05812631329423277
2891,2023-02-25,24,24,2,0.022174078187125225
2892,2024-02-20,59,12,1,0.011856160095069668
2893,2024-01-19,71,2,3,0.1365224899882149
2894,2024-08-30,50,1,2,0.004250292160424252
2895,2023-01-07,61,37,3,0.09174702171395882
2896,2022-08-16,42,19,1,0.11230495333530328
2897,2022-08-11,81,4,2,0.176817369752406
2898,2023-10-02,50,45,2,0.030245808772914964
2899,2022-09-05,33,37,2,0.10199966294221119
2900,2024-07-24,72,40,2,0.10929143086302831
2901,2022-03-17,13,12,1,0.04195703812061929
2902,2024-08-10,28,20,2,0.1101293884514961
2903,2023-08-02,67,9,1,0.068469391763376
2904,2023-08-04,3,42,2,0.1558643907193491
2905,2022-05-10,40,31,3,0.01966771231002551
2906,2022-12-18,15,45,2,0.006037254106090573
2907,2022-03-05,50,2,3,0.05896640098529691
2908,2022-06-02,27,6,2,0.18540478686849274
2909,2023-09-01,50,7,2,0.08584000251956757
2910,2023-07-11,65,22,3,0.06502532136373639
2911,2024-09-27,93,25,2,0.17453906796679208
2912,2023-01-09,45,4,3,0.08580319638938967
2913,2022-01-28,8,24,1,0.16489256570090602
2914,2024-08-18,18,8,2,0.19112994821344692
2915,2024-04-09,39,32,2,0.07459921134395893
2916,2024-01-24,99,46,3,0.08892923112912149
2917,2022-09-21,35,42,1,0.16191278131403844
2918,2022-02-06,4,30,1,0.009132101812674187
2919,2023-11-28,14,13,2,0.0012114383969186627
2920,2023-01-12,13,49,1,0.09484975240517571
2921,2024-07-25,84,11,3,0.04119917378207605
2922,2023-08-11,34,34,1,0.06307121534175518
2923,2022-01-27,70,39,3,0.1956301007758191
2924,2022-03-21,56,1,2,0.07643236998974151
2925,2023-07-17,16,1,2,0.19934685838957586
2926,2023-05-12,71,21,2,0.11866126762278335
2927,2024-06-13,16,11,1,0.03429388186563125
2928,2022-05-06,83,48,2,0.03634984966389865
2929,2022-04-06,22,11,1,0.01101858932937918
2930,2022-02-23,67,31,2,0.09283429533366104
2931,2023-01-25,16,50,2,0.09138059616652386
2932,2023-03-15,59,17,1,0.07355632607896137
2933,2024-02-15,90,18,1,0.10360296495950079
2934,2023-01-02,31,28,3,0.05475220352100847
2935,2023-11-09,30,12,1,0.19150549986792947
2936,2023-07-12,95,40,3,0.16338845511014485
2937,2022-09-04,4,28,3,0.09941587229007849
2938,2022-02-12,27,36,1,0.06314817929949353
2939,2023-11-11,53,13,2,0.11932268461250506
2940,2022-09-12,82,4,1,0.1763316520386462
2941,2023-12-24,37,44,2,0.012940518026166959
2942,2024-04-12,64,7,1,0.11699052435284801
2943,2022-09-06,34,42,1,0.05440833715029352
2944,2022-01-31,29,31,1,0.19046892214618455
2945,2022-10-28,61,30,1,0.1519960500935053
2946,2024-08-20,32,31,2,0.11565306203643984
2947,2022-04-29,8,31,1,0.18918975408105543
2948,2022-04-14,42,40,3,0.0639394384565102
2949,2023-03-29,72,24,2,0.056465767518591226
2950,2022-10-21,60,25,1,0.09384900632637808
2951,2022-01-20,87,12,2,0.04236322674536355
2952,2022-02-05,99,35,3,0.18184601907459907
2953,2023-04-06,81,10,3,0.13003053426442038
2954,2024-08-01,83,37,1,0.10609186735139348
2955,2022-08-05,25,1,2,0.11121439429485445
2956,2023-06-18,2,29,1,0.027409424732785206
2957,2024-05-12,17,6,3,0.07541242340475279
2958,2023-11-19,90,38,3,0.07413085510093985
2959,2022-04-08,97,41,2,0.09164824828049555
2960,2022-03-01,23,38,1,0.15518351124503849
2961,2023-06-07,4,13,1,0.18322129142062601
2962,2022-11-12,97,34,2,0.09654125567162529
2963,2023-12-11,97,23,2,0.12142368513119427
2964,2023-04-17,69,46,2,0.14040757914767252
2965,2023-08-14,1,18,2,0.0024828380054826796
2966,2023-06-03,3,9,2,0.1516350659263036
2967,2022-02-27,81,27,2,0.16156782468940029
2968,2022-05-25,39,11,1,0.05993262857766031
2969,2024-06-10,99,3,2,0.024104316945577443
2970,2022-12-21,39,18,3,0.1922325374562671
2971,2024-04-20,40,35,1,0.18435181025498393
2972,2024-02-10,99,49,3,0.019439445911474885
2973,2024-02-09,81,45,1,0.17182985290535138
2974,2024-01-23,53,34,1,0.13099941259332543
2975,2022-09-07,70,36,1,0.035000044542768415
2976,2022-09-04,23,44,1,0.162606830804043
2977,2022-08-03,68,14,1,0.06667212608053588
2978,2024-09-26,25,50,3,0.11813783844886167
2979,2024-06-10,3,38,2,0.005646363974578628
2980,2023-02-28,97,30,2,0.023771816744879118
2981,2022-01-19,15,8,3,0.06488526834885015
2982,2022-09-04,84,25,3,0.0008175823461429977
2983,2023-11-06,20,27,1,0.05668095123616526
2984,2022-11-25,13,3,3,0.0019335272512896796
2985,2023-01-29,88,39,3,0.09234820526040302
2986,2022-07-25,76,31,2,0.09810149295179277
2987,2024-05-11,37,46,3,0.154465903812533
2988,2023-11-02,100,20,3,0.03421629180488224
2989,2023-10-15,50,33,3,0.0504654135030453
2990,2024-03-23,26,2,3,0.07537118535189087
2991,2022-05-29,81,47,1,0.04293294516730937
2992,2023-09-01,71,40,2,0.16112415460465335
2993,2023-05-09,98,33,2,0.1919518163851126
2994,2023-05-13,37,41,3,0.040847024019628614
2995,2023-08-12,48,8,3,0.1708663438572525
2996,2024-06-22,47,39,1,0.11711934297778784
2997,2023-05-20,45,48,1,0.06245659529595902
2998,2022-09-06,46,32,2,0.19675496026979844
2999,2024-01-03,96,18,3,0.11664860754307481
3000,2024-09-04,8,50,1,0.04834338657584614
3001,2024-01-30,12,43,3,0.0014646986162112797
3002,2024-04-11,27,19,2,0.004218313530560969
3003,2022-04-08,52,10,2,0.0059249792809827895
3004,2022-03-26,23,29,3,0.011067048362434329
3005,2024-04-14,92,16,2,0.18164877091630457
3006,2022-04-03,62,39,2,0.06133076112757163
3007,2022-02-08,12,15,2,0.1267284391490848
3008,2024-02-29,81,30,2,0.12019487663743583
3009,2023-05-31,57,29,1,0.08589137889064624
3010,2022-05-23,6,14,1,0.16521055008554006
3011,2022-05-31,97,46,2,0.046170688418269414
3012,2023-08-21,84,43,2,0.1018052746142234
3013,2023-08-10,98,5,1,0.16725516094833326
3014,2024-09-05,7,11,3,0.13616702676835085
3015,2023-06-28,98,50,1,0.12054658588152352
3016,2024-07-08,5,10,1,0.07096420894964328
3017,2024-07-25,42,3,3,0.1433026685748698
3018,2023-03-28,1,42,1,0.05536940176656322
3019,2024-03-12,24,3,1,0.014001939689583255
3020,2024-07-01,34,40,2,0.19331376127230807
3021,2024-04-12,69,18,1,0.17453345145736937
3022,2022-02-04,59,31,2,0.1275650160899661
3023,2023-06-29,7,34,3,0.007049138278452039
3024,2023-03-18,38,39,3,0.056551033553450814
3025,2024-06-21,47,2,3,0.07281314391206524
3026,2022-11-11,54,26,3,0.003731333765353839
3027,2023-10-31,97,39,2,0.18206722252202412
3028,2024-03-13,40,42,3,0.18887371792336535
3029,2022-04-21,63,8,1,0.013492294807530293
3030,2023-03-01,25,13,3,0.11532515846584607
3031,2023-03-09,18,8,2,0.11159289722769694
3032,2022-01-20,90,35,1,0.1183470469117355
3033,2023-08-05,43,4,1,0.10860342900424176
3034,2023-03-01,60,20,1,0.1887421222432371
3035,2024-04-08,86,38,3,0.17797488486035448
3036,2022-08-03,30,21,1,0.059292519360542806
3037,2023-05-09,48,31,2,0.06575331713543016
3038,2022-12-17,16,33,1,0.10956594328348815
3039,2023-11-08,77,40,3,0.05235979767782595
3040,2022-08-29,48,9,3,0.04496623009724324
3041,2024-03-25,39,43,3,0.1850821312452945
3042,2024-05-16,12,30,2,0.15773052121150702
3043,2024-08-01,11,35,2,0.17486721157848487
3044,2024-07-14,60,39,3,0.14465998549526932
3045,2024-09-07,71,39,2,0.024822233144873796
3046,2023-10-27,88,29,3,0.12040599375100874
3047,2022-09-22,39,47,2,0.06821448062951312
3048,2023-11-18,47,10,1,0.07682515706639133
3049,2023-08-24,14,43,2,0.14528507624300496
3050,2024-06-04,61,7,1,0.13452495020943658
3051,2023-10-24,62,32,2,0.12589983062253934
3052,2024-03-26,43,6,1,0.083668689768333
3053,2022-05-28,90,49,1,0.09617857834307522
3054,2024-07-28,52,48,3,0.13018205184092022
3055,2022-06-19,71,25,1,0.1906788575174967
3056,2024-05-24,92,17,2,0.1782301949789319
3057,2022-03-02,29,45,3,0.061253417445151274
3058,2022-08-28,90,39,2,0.055223116747308315
3059,2023-09-11,39,29,2,0.154124025140239
3060,2024-07-14,30,9,2,0.014678850742655092
3061,2023-01-04,19,19,2,0.18471407489714703
3062,2022-12-24,37,3,2,0.17215245501872123
3063,2023-05-07,90,34,1,0.02841664123610288
3064,2023-04-04,3,18,1,0.017285273963561033
3065,2023-02-16,88,49,1,0.04959449633224447
3066,2024-09-22,29,24,1,0.08975126495418073
3067,2024-05-22,41,38,3,0.1209408806079759
3068,2024-03-03,59,18,3,0.05010956335911698
3069,2023-06-24,18,10,3,0.052377800067123476
3070,2022-07-04,80,23,3,0.11324232275128353
3071,2023-11-26,79,1,2,0.12188611409729029
3072,2022-02-14,51,18,1,0.08719022672422697
3073,2024-01-26,25,34,1,0.196986641316914
3074,2024-07-17,68,48,3,0.013383248533557546
3075,2023-05-11,48,14,2,0.023805600150773532
3076,2022-04-14,18,15,1,0.1958872005396025
3077,2022-10-22,81,14,3,0.1674996908784534
3078,2022-10-03,20,22,3,0.16776927173017148
3079,2024-01-13,18,17,3,0.04912145743804004
3080,2024-06-25,37,18,3,0.04615602019503591
3081,2023-09-13,94,35,1,0.03373096129874651
3082,2023-12-10,86,28,2,0.08001107982286462
3083,2023-06-17,12,34,3,0.10070288512002903
3084,2023-11-28,44,33,1,0.06550482389602034
3085,2024-04-24,77,19,1,0.17815900146524932
3086,2022-03-04,56,11,3,0.1086153377555345
3087,2024-03-12,39,1,2,0.13658696621160796
3088,2022-08-16,22,28,2,0.011272181893042377
3089,2022-12-25,89,21,1,0.08878553705969149
3090,2022-02-21,45,39,2,0.06255480601063326
3091,2022-03-27,51,7,3,0.010727877310880119
3092,2024-06-12,89,6,3,0.16991086782369985
3093,2022-10-01,73,6,1,0.15861104010914007
3094,2024-03-27,48,9,2,0.016277253397786805
3095,2023-11-17,15,49,3,0.026019192835763462
3096,2023-08-16,76,25,2,0.16406901938590443
3097,2022-01-31,4,48,2,0.16284631457047746
3098,2022-09-18,59,8,3,0.012349432039980113
3099,2024-05-09,26,39,2,0.0705966305516907
3100,2023-06-07,68,25,3,0.002650041052171437
3101,2023-03-13,12,38,1,0.14259734214205694
3102,2023-07-10,48,37,1,0.04607848836475741
3103,2023-06-19,32,12,2,0.10730181117834553
3104,2022-08-09,47,50,1,0.021746733372731166
3105,2022-08-19,5,27,1,0.03937966524610897
3106,2022-01-13,35,6,1,0.013444907363186777
3107,2024-08-11,34,19,3,0.003745428776547932
3108,2022-09-23,17,15,3,0.19237658104806177
3109,2023-10-28,71,40,3,0.005558768999355479
3110,2022-11-12,3,36,3,0.1690719742633569
3111,2024-02-13,2,15,3,0.18006152521258642
3112,2024-07-07,14,1,2,0.15901548180064132
3113,2022-06-22,7,25,3,0.017124654513004045
3114,2024-06-06,71,39,3,0.16795140187393398
3115,2022-08-24,26,14,2,0.055149090544335214
3116,2023-02-06,54,29,1,0.09503665637140378
3117,2022-07-24,98,8,2,0.08174986903699136
3118,2024-05-21,17,39,3,0.12389813866331173
3119,2023-03-12,66,12,1,0.15933167288889558
3120,2022-10-14,69,29,1,0.15469713089642534
3121,2023-09-11,76,23,2,0.03628881108977866
3122,2023-09-10,8,38,1,0.08706298175298371
3123,2024-03-24,78,27,3,0.05342604877278898
3124,2023-12-21,76,44,3,0.15063703159354225
3125,2023-04-01,56,35,1,0.19664396529171582
3126,2022-08-15,80,32,1,0.1586623300232238
3127,2023-10-29,77,45,2,0.04279403646800646
3128,2023-06-03,33,43,1,0.07982514181910623
3129,2024-03-15,75,15,1,0.07634737703064101
3130,2024-08-20,13,25,1,0.11004035069152601
3131,2022-09-14,80,28,3,0.15579605192229534
3132,2022-07-18,33,41,1,0.00508140762006537
3133,2022-11-04,71,28,3,0.162569774286333
3134,2023-09-05,3,40,3,0.15613304381895887
3135,2022-03-09,96,31,1,0.17843869351303862
3136,2024-04-01,9,16,2,0.09325845924008865
3137,2022-03-28,26,39,3,0.05226490994416764
3138,2022-10-08,59,8,1,0.040956337341946016
3139,2023-01-19,5,28,2,0.17397305045048872
3140,2023-07-09,55,22,1,0.0843141025704417
3141,2023-06-12,57,4,1,0.04237217533918092
3142,2024-09-01,20,18,3,0.004284624267620352
3143,2022-09-26,65,41,2,0.1721143691768293
3144,2023-10-05,9,12,1,0.17703621463412464
3145,2023-01-22,46,20,2,0.009043143554464962
3146,2023-12-05,58,18,2,0.0902090712982659
3147,2022-10-19,69,12,3,0.05594290865595084
3148,2023-05-19,33,31,2,0.13103263210129243
3149,2022-04-19,90,49,3,0.04337966435065042
3150,2022-07-20,93,47,2,0.18969379809409675
3151,2024-07-17,62,2,1,0.045645163031179825
3152,2022-10-20,14,18,1,0.16956273423734589
3153,2024-08-09,41,34,3,0.1808210833949244
3154,2024-03-08,78,34,1,0.016485565562322814
3155,2023-07-24,22,21,1,0.11426208282892239
3156,2024-09-25,10,2,3,0.14237177539782675
3157,2024-02-29,15,7,3,0.1823285495910523
3158,2023-07-20,66,41,1,0.027942626832920106
3159,2024-08-03,54,25,3,0.16394368853628438
3160,2024-07-28,7,22,3,0.17106107911819846
3161,2024-05-23,84,11,1,0.006572088321087755
3162,2023-01-13,47,5,1,0.021182945314848635
3163,2024-09-06,14,1,3,0.09768343014600672
3164,2022-06-29,75,20,2,0.005693917617717781
3165,2024-06-19,52,16,1,0.0343398598436121
3166,2024-05-07,45,38,1,0.13829221670211653
3167,2023-03-27,64,28,2,0.015259802291188996
3168,2024-05-31,87,50,2,0.12771066843277548
3169,2023-06-25,4,36,2,0.04943642754627917
3170,2022-05-01,31,25,2,0.13941318131683006
3171,2022-06-13,8,4,1,0.17133061352949608
3172,2023-09-14,8,30,3,0.12764291317351878
3173,2023-07-30,82,11,2,0.08391140166468039
3174,2023-02-09,42,1,1,0.16652220792817618
3175,2024-03-01,66,46,3,0.07648798275781683
3176,2023-10-26,23,45,1,0.14554502252304524
3177,2024-06-12,60,45,2,0.1137119623260505
3178,2023-09-01,90,17,3,0.07301859592343843
3179,2022-01-21,10,49,2,0.022865204456876276
3180,2023-05-18,27,35,3,0.16736427862687078
3181,2022-01-20,17,20,3,0.17615446109360547
3182,2022-01-10,92,14,3,0.009399502082351652
3183,2024-04-23,79,21,2,0.08814810472828825
3184,2023-09-05,22,10,1,0.17436051195815389
3185,2023-08-20,63,2,2,0.0024167987776352986
3186,2022-01-24,18,30,2,0.042430157204010645
3187,2022-10-30,33,48,2,0.175893606952647
3188,2023-03-09,9,30,2,0.13194293275622013
3189,2022-12-03,46,45,3,0.02614875262251444
3190,2024-02-05,44,28,1,0.14738273325223356
3191,2024-02-10,43,22,1,0.008700251416467885
3192,2024-07-01,11,33,1,0.00784824735750096
3193,2022-02-15,29,19,3,0.18186980658016302
3194,2024-06-18,93,29,2,0.039726562665286874
3195,2023-06-01,23,22,3,0.06460703378088997
3196,2024-01-05,4,31,1,0.12824239033121268
3197,2023-10-31,26,15,1,0.16199029376572427
3198,2022-03-23,39,29,1,0.0891028289910405
3199,2023-11-28,38,12,2,0.07821970829679122
3200,2022-07-24,12,29,2,0.057159066118868784
3201,2022-05-29,47,50,3,0.07521931513651783
3202,2023-07-19,31,38,1,0.025046653020614998
3203,2022-10-27,5,41,2,0.05079318426172674
3204,2024-08-07,43,31,2,0.07682538267896713
3205,2024-07-31,23,33,1,0.11961551924744658
3206,2024-02-26,44,23,3,0.03899869004074439
3207,2022-11-20,69,32,3,0.0565357034049552
3208,2024-04-01,13,48,1,0.009089084596191599
3209,2022-10-19,58,4,2,0.076020147080513
3210,2024-09-14,44,14,2,0.10638978041421879
3211,2022-01-12,50,39,1,0.11460954955005578
3212,2022-10-24,94,46,1,0.052825659635903466
3213,2022-06-04,74,11,2,0.016319956030502358
3214,2023-05-01,87,38,2,0.1427763800727642
3215,2024-02-22,12,46,1,0.19958715762154405
3216,2022-09-24,52,23,1,0.13810978468865379
3217,2023-03-23,41,12,3,0.09825049700988991
3218,2022-12-23,47,41,3,0.09541196944872246
3219,2023-03-17,56,45,1,0.09813068516020021
3220,2024-02-22,58,33,3,0.1477717275381123
3221,2024-08-11,81,14,2,0.187236574386978
3222,2022-05-07,4,13,1,0.0018469271932435528
3223,2022-12-30,86,49,3,0.07357430904975755
3224,2023-11-24,56,34,1,0.04916422791095607
3225,2024-01-27,46,5,1,0.0017080286859437967
3226,2024-05-01,27,28,1,0.0770363854177172
3227,2022-10-29,67,44,1,0.1357529403602704
3228,2023-06-28,78,27,1,0.093934585604047
3229,2023-08-04,18,50,2,0.07290411748865737
3230,2024-08-30,70,38,1,0.13558034212229317
3231,2022-06-28,78,6,3,0.03455750660076671
3232,2023-05-03,23,19,2,0.17960762733914704
3233,2022-06-04,21,8,2,0.19018891818992095
3234,2022-02-16,82,41,1,0.03981753438514246
3235,2022-09-15,46,40,1,0.008481083426760438
3236,2023-09-29,83,6,2,0.026841812167321955
3237,2023-04-01,42,22,3,0.1414122830048473
3238,2023-12-04,7,7,2,0.15309249677162992
3239,2023-12-05,1,48,3,0.06827708016325583
3240,2024-08-03,6,13,1,0.15859893960744761
3241,2022-03-22,59,37,3,0.05822447791376981
3242,2023-09-30,63,8,1,0.1854939419581094
3243,2023-04-01,85,50,3,0.07772819611131228
3244,2022-11-07,63,9,3,0.09462802531933363
3245,2024-03-15,58,22,2,0.16974291411294293
3246,2024-08-30,87,11,3,0.007792953929546287
3247,2024-09-26,33,32,1,0.08812932555443923
3248,2022-10-28,29,38,1,0.06814626273424865
3249,2024-05-18,77,37,1,0.031167652770474244
3250,2024-08-17,93,25,3,0.18471351018405419
3251,2023-11-30,46,3,3,0.010513492599737374
3252,2022-07-31,27,1,2,0.13390636876930745
3253,2023-06-19,75,5,1,0.08040923279058994
3254,2023-05-07,40,38,2,0.05717831982101671
3255,2022-04-06,96,16,3,0.1635349644322999
3256,2023-08-28,24,9,1,0.14137856766932672
3257,2023-07-14,52,44,1,0.169037196580075
3258,2022-07-31,62,11,3,0.07555155923232866
3259,2022-09-03,61,17,2,0.1463230003970714
3260,2022-04-06,61,1,2,0.17346624866366453
3261,2022-05-24,44,11,1,0.04389069451931454
3262,2023-05-01,63,40,3,0.1630992394552877
3263,2024-06-16,36,46,1,0.08941101409828345
3264,2022-01-22,20,32,2,0.1448023413028569
3265,2023-01-02,42,39,1,0.026130961929923636
3266,2023-06-25,99,15,1,0.08638810476181523
3267,2024-04-21,82,14,3,0.05034569545504602
3268,2024-04-01,40,50,2,0.017807461674064197
3269,2022-11-11,38,50,3,0.17613598635142327
3270,2024-08-15,77,35,3,0.05695712093132521
3271,2022-05-01,59,41,2,0.11687062751034677
3272,2023-10-13,17,46,2,0.06328043837447732
3273,2023-07-01,40,13,1,0.07896475770671599
3274,2024-04-14,71,44,1,0.16623371672416676
3275,2023-05-17,15,25,2,0.12849624119457057
3276,2024-06-06,99,8,2,0.12055328675277902
3277,2022-11-23,15,44,3,0.1774143719661363
3278,2022-02-05,42,39,3,0.17857446481581507
3279,2023-06-10,46,18,3,0.1330303361452295
3280,2023-06-23,3,39,1,0.10534265302048312
3281,2024-08-30,48,41,1,0.08174697904032349
3282,2023-04-28,15,39,2,0.0189604890587203
3283,2023-02-10,49,42,3,0.036320226916543664
3284,2023-02-01,78,4,3,0.00011622582538568517
3285,2022-04-29,46,47,2,0.03791589322569338
3286,2022-06-12,31,22,3,0.18287935607879463
3287,2023-06-15,89,2,3,0.10833661315165077
3288,2023-08-31,10,24,3,0.0734682840440719
3289,2022-11-18,44,38,1,0.15084502768925556
3290,2023-01-08,51,37,1,0.028093672302369522
3291,2023-01-26,61,26,1,0.10977975780931729
3292,2022-02-03,9,4,3,0.07831517575879579
3293,2023-09-14,29,14,1,0.16170523966019415
3294,2023-11-06,65,44,3,0.026641836305761314
3295,2023-04-25,41,34,1,0.07168013762038815
3296,2023-05-18,25,42,3,0.01526044274876306
3297,2023-07-03,17,39,3,0.11780312528210901
3298,2023-05-05,18,20,3,0.15916533664550558
3299,2024-01-12,68,24,3,0.10418416381935776
3300,2022-03-29,75,6,1,0.025699837947584615
3301,2022-12-06,29,46,1,0.022480030492281533
3302,2023-05-13,19,30,2,0.1235967163174995
3303,2022-02-20,40,48,3,0.010717167139351225
3304,2022-10-07,78,44,2,0.04536264262807408
3305,2022-05-05,80,3,3,0.13808327557232314
3306,2024-06-11,77,18,2,0.03300348010907346
3307,2022-10-15,39,30,3,0.08891671076220403
3308,2023-01-08,47,43,2,0.18687491648194682
3309,2022-10-06,92,43,3,0.11234723355926171
3310,2022-06-20,16,32,1,0.055754879642904154
3311,2022-05-23,14,6,1,0.009870754469649157
3312,2023-11-18,9,39,2,0.011809572278866077
3313,2023-09-10,21,43,2,0.08183164223705752
3314,2024-05-16,87,50,3,0.028922575036067877
3315,2023-07-01,39,48,1,0.12050099992371388
3316,2023-12-21,25,50,1,0.14604966933760974
3317,2024-08-04,57,31,2,0.15604851252033614
3318,2024-08-18,72,38,1,0.0714118618888787
3319,2024-04-22,12,22,2,0.08484371497103296
3320,2022-03-15,22,3,2,0.09097842302260657
3321,2024-02-02,55,15,2,0.055072336835245664
3322,2023-02-25,9,15,1,0.14623516592340455
3323,2022-06-05,4,3,1,0.013793236074749405
3324,2022-06-25,26,6,2,0.13378943261492024
3325,2023-05-01,54,35,1,0.052927234309132334
3326,2022-08-23,40,14,1,0.19085566533870177
3327,2022-04-14,8,28,1,0.11612520190190828
3328,2022-10-13,36,1,3,0.061750454130908766
3329,2023-09-18,28,13,3,0.04512764547898518
3330,2023-05-27,47,33,1,0.1081721216352723
3331,2023-08-25,93,4,2,0.0245535871341112
3332,2022-11-26,41,47,3,0.14904773931771795
3333,2022-02-20,56,6,2,0.1441595450470534
3334,2024-04-18,35,1,2,0.012235816272912037
3335,2024-07-02,47,43,3,0.06893940934828746
3336,2023-09-28,7,44,3,0.13609784025045912
3337,2023-09-10,97,5,3,0.024240399802331683
3338,2024-02-09,57,20,1,0.009710251608063249
3339,2023-10-01,69,28,1,0.10749491109155779
3340,2023-08-12,25,7,2,0.19578518741495934
3341,2022-03-23,82,19,1,0.06683676786091251
3342,2023-08-28,52,10,3,0.17351450337363886
3343,2024-03-31,74,36,2,0.14104206577468778
3344,2022-02-12,75,49,2,0.10262476940898856
3345,2024-02-23,100,27,3,0.1527913764144233
3346,2022-06-01,100,49,3,0.15779154058943062
3347,2024-01-24,9,48,3,0.16183636780413413
3348,2023-08-15,10,19,2,0.10869343621535717
3349,2022-03-21,20,42,3,0.09155422170527149
3350,2022-12-01,6,28,1,0.0696774475719159
3351,2022-08-02,51,19,2,0.16149410830640312
3352,2023-03-26,29,48,3,0.09157229766740377
3353,2023-05-20,38,27,2,0.09360258288316832
3354,2024-05-30,28,31,2,0.16464785680092142
3355,2024-04-30,11,13,3,0.14988350094227318
3356,2022-09-24,48,46,2,0.15174245767740246
3357,2023-09-22,26,7,2,0.035562086045769846
3358,2023-09-07,14,5,2,0.02923178878108832
3359,2023-08-21,21,34,3,0.1963875937264274
3360,2022-02-14,69,35,3,0.062065698667813224
3361,2022-11-04,28,37,1,0.1807920496891521
3362,2023-02-19,42,33,3,0.16486273765026982
3363,2024-05-20,56,49,3,0.07940774089395225
3364,2023-12-19,55,8,1,0.10264681332377584
3365,2023-10-16,16,21,3,0.06069151064421945
3366,2023-05-14,67,13,3,0.13860865532588593
3367,2024-07-20,36,42,3,0.11829656795137561
3368,2023-03-03,86,22,1,0.09429210020092048
3369,2023-02-13,5,17,1,0.11818162948300176
3370,2023-04-07,80,6,1,0.05773216292447192
3371,2024-02-21,55,41,2,0.18406835921906778
3372,2022-01-18,47,32,2,0.07774758668054021
3373,2024-03-07,79,32,2,0.10778813935691052
3374,2022-08-16,33,7,1,0.13256370344217114
3375,2022-10-02,6,27,3,0.1808654456604996
3376,2023-06-29,49,38,1,0.1284907470175156
3377,2024-06-26,75,16,2,0.028841604320011906
3378,2022-08-02,68,4,2,0.12798610388370232
3379,2023-08-13,92,49,3,0.038405200259343686
3380,2024-04-16,64,36,3,0.11990970116239555
3381,2024-09-17,9,19,2,0.09022325857532981
3382,2022-12-23,6,23,2,0.0651003157601197
3383,2022-09-22,38,3,1,0.09730504395531221
3384,2022-03-18,58,35,1,0.020698749780972237
3385,2022-03-31,8,49,1,0.03865027984818357
3386,2022-09-06,8,18,3,0.04762613204661597
3387,2022-04-22,43,8,3,0.08779596800572842
3388,2024-02-20,85,10,3,0.1562515442116285
3389,2022-03-20,68,24,2,0.07614656861061178
3390,2022-03-31,49,1,1,0.15663888030360784
3391,2023-12-27,13,16,2,0.18968912247391834
3392,2024-05-19,67,43,3,0.08616393685666227
3393,2023-05-31,34,3,1,0.1940917379549567
3394,2022-05-10,75,7,3,0.13221465579257052
3395,2022-03-13,37,45,3,0.15180554739252802
3396,2022-01-05,7,14,1,0.08984050939528476
3397,2022-09-13,54,15,3,0.028056570754399046
3398,2022-01-23,53,3,3,0.17666979438212677
3399,2023-05-26,84,35,1,0.08026675645583306
3400,2022-06-22,36,19,2,0.10751673605821982
3401,2022-02-07,80,20,1,0.05615924683103157
3402,2024-01-30,87,33,1,0.16958599636132238
3403,2022-03-16,95,22,3,0.029414583690644515
3404,2023-05-03,73,38,3,0.1474498846613432
3405,2022-07-10,57,41,2,0.011081873726459059
3406,2024-06-16,60,40,3,0.0965147355571491
3407,2023-05-20,65,22,1,0.018134722207447298
3408,2024-04-24,78,35,3,0.11151630482872953
3409,2023-03-10,28,47,1,0.08183504922850814
3410,2024-02-01,67,18,2,0.10864993771741607
3411,2024-02-05,25,30,3,0.11139684491371021
3412,2024-01-27,61,3,3,0.0019663977450313785
3413,2022-06-14,18,21,2,0.15740634290458635
3414,2022-09-06,27,2,1,0.04896172874399001
3415,2023-06-12,81,18,3,0.17100388410464296
3416,2022-12-13,63,27,3,0.016268863357973774
3417,2023-10-16,82,31,3,0.1076890509383237
3418,2023-08-11,45,26,2,0.06614663233804473
3419,2023-06-16,50,2,1,0.18054329318952536
3420,2024-07-22,87,23,1,0.10778703500970442
3421,2022-06-25,55,40,2,0.029773020039475285
3422,2023-12-05,95,46,1,0.18931022453596097
3423,2024-08-01,6,14,3,0.1095314967166923
3424,2024-03-07,59,35,3,0.10954522143343813
3425,2022-02-26,18,46,1,0.0003586745822797388
3426,2024-01-02,91,11,3,0.1555701476606878
3427,2022-02-21,66,24,1,0.025559922267415547
3428,2022-03-30,20,17,3,0.15001872554315893
3429,2024-03-12,26,45,1,0.04094968444312848
3430,2023-12-14,10,12,3,0.035423092212241096
3431,2023-05-02,58,23,2,0.0568728620280595
3432,2022-08-03,19,43,2,0.1722744061858442
3433,2022-03-05,53,31,1,0.09063120315577114
3434,2024-06-30,86,38,3,0.1881982520317566
3435,2023-09-27,19,11,3,0.19447479299918313
3436,2023-06-06,7,30,3,0.06924620720104306
3437,2022-08-29,56,13,2,0.04172155651001428
3438,2023-12-23,83,33,3,0.16520356883564724
3439,2022-09-03,72,42,3,0.03771244480893541
3440,2024-04-29,94,41,2,0.007224139922939021
3441,2022-07-12,34,28,3,0.09490957100540401
3442,2022-07-08,32,37,2,0.15240583349023973
3443,2022-12-22,22,40,3,0.188971340253621
3444,2022-04-18,44,12,3,0.014152768580450515
3445,2024-05-13,63,16,2,0.07184801151678698
3446,2023-12-19,6,12,1,0.12207039823396477
3447,2023-11-18,33,12,3,0.09582849307710353
3448,2023-09-25,28,8,2,0.12457775037104094
3449,2024-05-31,53,11,1,0.03813422540071283
3450,2023-11-07,94,43,3,0.19156356908987127
3451,2022-06-21,39,11,1,0.07902379213020859
3452,2023-03-06,2,25,2,0.050597383050464684
3453,2024-04-21,59,8,2,0.18032982906171005
3454,2022-08-26,28,48,2,0.11430249389764964
3455,2022-10-11,92,1,2,0.17586111141051114
3456,2022-01-21,45,47,1,0.02591949778212843
3457,2024-05-21,67,41,1,0.1197708893186414
3458,2022-08-02,84,35,2,0.02851571909591435
3459,2023-11-04,21,40,1,0.14736115039207734
3460,2022-11-04,61,10,2,0.17721641364641505
3461,2023-01-27,88,22,3,0.0596493506241542
3462,2022-04-01,11,40,3,0.06795738078136503
3463,2024-07-04,60,11,3,0.043536182477563835
3464,2022-10-27,8,44,2,0.03239968461035292
3465,2024-06-25,79,38,2,0.019586801000302658
3466,2022-06-03,46,25,3,0.030204421835532982
3467,2024-05-22,17,12,1,0.10969566770615646
3468,2022-04-24,69,11,1,0.10070069520192569
3469,2024-06-09,81,37,1,0.1677914939354864
3470,2022-11-18,40,5,2,0.14819688123038274
3471,2024-07-17,5,46,1,0.1543507022595851
3472,2022-11-11,58,42,2,0.1037688195217085
3473,2023-01-10,86,37,3,0.17558646045743567
3474,2024-07-07,63,48,2,0.14986775746868183
3475,2023-12-29,68,23,2,0.11764650393387409
3476,2023-03-17,11,13,1,0.04787148193856586
3477,2024-05-17,87,41,3,0.1909345171086751
3478,2024-04-01,94,29,1,0.12114567125956455
3479,2022-10-01,24,46,1,0.174192073030377
3480,2022-03-02,67,4,1,0.016567421415313557
3481,2022-08-18,81,10,3,0.13306534211205695
3482,2022-09-05,76,7,2,0.11565075930158596
3483,2022-01-24,33,27,2,0.1418520886923937
3484,2022-12-25,34,6,1,0.1737219854686515
3485,2024-08-03,6,14,1,0.076704498253575
3486,2024-04-10,19,16,2,0.1846488681539528
3487,2023-02-16,86,36,3,0.1077084836859324
3488,2022-01-01,30,10,3,0.1045341276016226
3489,2022-04-24,58,37,2,0.11879521581515831
3490,2023-11-09,78,8,3,0.006319323264765853
3491,2022-04-30,53,49,3,0.08193473676584001
3492,2023-03-14,77,32,2,0.10002651340484259
3493,2023-03-19,2,4,1,0.18979152753924128
3494,2024-01-15,68,13,1,0.1633375320755107
3495,2024-09-17,41,28,2,0.16806053780061703
3496,2024-02-06,74,25,2,0.08677282656307367
3497,2024-07-26,97,45,1,0.036463808945416724
3498,2023-03-20,100,20,2,0.1902771961053187
3499,2023-11-09,47,19,1,0.09203503087612874
3500,2023-09-23,41,14,1,0.0625112360432493
3501,2022-11-07,27,32,2,0.04988876877397977
3502,2024-04-25,97,14,3,0.06472302613386267
3503,2023-06-13,48,2,2,0.07715232004872244
3504,2023-05-11,6,32,3,0.1555149435537272
3505,2023-04-29,34,10,1,0.06535332309726209
3506,2024-06-15,61,12,3,0.031120014427876444
3507,2022-09-21,88,42,1,0.15423063246732052
3508,2023-04-21,3,14,1,0.05414879733535283
3509,2023-09-17,12,14,2,0.08281650289007046
3510,2024-01-23,85,11,3,0.00987374564084851
3511,2023-09-21,48,46,2,0.16631939207497853
3512,2023-04-10,49,45,3,0.0382305605606375
3513,2023-08-24,25,34,2,0.012142355097336077
3514,2023-05-11,50,30,2,0.18171850003615128
3515,2024-03-14,13,36,2,0.10062771378956968
3516,2022-06-02,84,26,3,0.19933250792789858
3517,2022-04-03,65,41,2,0.18185923159098663
3518,2022-12-23,87,7,3,0.14298035265269465
3519,2022-07-14,70,47,1,0.16796974354929928
3520,2024-01-23,42,45,1,0.06584855854971997
3521,2024-06-15,67,6,3,0.07226877868683423
3522,2023-10-26,26,44,3,0.07382343080033442
3523,2023-06-02,7,49,2,0.1967621778886572
3524,2023-12-08,45,15,2,0.11032135726139641
3525,2022-05-06,71,49,1,0.14014443515208988
3526,2024-02-29,84,9,2,0.16368411733854482
3527,2023-11-19,8,29,3,0.09694776370939573
3528,2022-02-16,9,41,2,0.12453563889163502
3529,2024-01-29,48,43,2,0.15190878567667265
3530,2023-12-13,35,21,1,0.11631340672036704
3531,2024-02-23,68,23,3,0.06961930321959509
3532,2022-05-02,100,44,1,0.1352603600454557
3533,2022-07-27,56,27,3,0.08347704961218481
3534,2024-05-07,10,37,1,0.081296939098034
3535,2023-02-09,68,6,1,0.10506530437690252
3536,2022-08-12,55,34,1,0.029649131209306213
3537,2023-08-29,10,42,2,0.1714218917912313
3538,2024-07-07,9,44,2,0.1141971768476636
3539,2024-08-24,90,8,3,0.022056616553224818
3540,2023-11-11,8,48,1,0.03107386587772747
3541,2023-09-17,51,23,3,0.12068219048998115
3542,2023-01-19,70,29,3,0.06479033882701
3543,2022-03-09,22,30,2,0.037322617718865074
3544,2022-01-14,55,3,1,0.19095838749714997
3545,2023-10-22,19,33,3,0.11994987939943676
3546,2023-06-14,20,17,2,0.1452693920374108
3547,2024-03-18,80,17,3,0.09574694289113482
3548,2022-05-15,28,29,3,0.009220422499457759
3549,2022-11-23,22,46,1,0.05307719616134113
3550,2024-06-11,36,9,3,0.09673941316098059
3551,2023-06-08,13,30,3,0.1520611514136655
3552,2024-04-04,21,2,2,0.024273692475859445
3553,2024-06-30,44,35,3,0.1863361079090036
3554,2023-02-05,41,8,3,0.03518542441763935
3555,2022-11-24,19,40,3,0.16455653248250562
3556,2022-05-08,72,12,2,0.029874181100983922
3557,2022-07-13,77,42,2,0.11402405705759577
3558,2024-05-20,82,39,3,0.16401271317410718
3559,2023-08-30,20,38,2,0.0012406586581696244
3560,2023-10-11,37,46,2,0.08789981199772084
3561,2024-08-20,41,22,3,0.09878076569830917
3562,2022-03-29,72,21,2,0.03236960414951846
3563,2023-06-17,60,29,3,0.10272882984358832
3564,2022-04-26,27,25,2,0.08931814741643639
3565,2022-12-18,85,43,2,0.09833256398910345
3566,2023-02-25,36,9,2,0.19339387196621885
3567,2023-05-06,16,36,3,0.009637925603470189
3568,2023-08-20,22,49,2,0.15123994242103253
3569,2024-06-13,50,47,2,0.07646523730395799
3570,2024-09-04,48,44,1,0.16620086217737962
3571,2023-05-22,76,45,1,0.08257070308381396
3572,2023-03-16,37,18,3,0.06440156515070146
3573,2024-05-24,29,6,3,0.1872594998523557
3574,2024-08-09,92,50,3,0.07143462928858135
3575,2023-10-23,13,5,2,0.11066335074197159
3576,2022-04-03,40,3,3,0.10929531413750948
3577,2024-03-26,90,6,2,0.12386289825681784
3578,2024-05-31,67,16,2,0.03928113056439242
3579,2022-10-14,83,15,3,0.11278303189096339
3580,2022-12-06,4,34,1,0.16299443157063154
3581,2024-08-01,16,8,1,0.13106981539125312
3582,2022-06-12,67,14,1,0.16959382172085974
3583,2022-12-23,79,10,1,0.01022371688483963
3584,2022-06-27,5,18,3,0.11287547914444947
3585,2023-10-22,77,18,3,0.024980003839295398
3586,2023-09-17,21,8,3,0.013301304565922845
3587,2024-05-19,6,32,3,0.09140455370256184
3588,2023-08-01,73,7,1,0.17340333129761681
3589,2022-03-28,44,35,3,0.06326814256692084
3590,2022-12-09,65,23,3,0.14295246573490408
3591,2024-04-30,84,6,2,0.05133557562252063
3592,2023-07-12,87,47,2,0.18060916995761234
3593,2024-01-25,60,19,1,0.10503657782781646
3594,2022-01-10,56,46,2,0.18947384409246015
3595,2022-11-30,49,5,2,0.19009442957001774
3596,2022-10-24,47,6,1,0.055722940073050856
3597,2023-01-28,77,45,2,0.11509579453957203
3598,2024-08-23,25,38,2,0.1832113471355028
3599,2023-02-11,91,30,2,0.18397658746419066
3600,2022-02-13,32,5,2,0.06374618687087867
3601,2022-03-29,89,41,3,0.1614762121562847
3602,2024-02-12,60,35,3,0.013741883541602063
3603,2022-08-30,33,12,2,0.040583825778949395
3604,2023-12-07,69,25,2,0.02403033076030199
3605,2024-03-09,2,20,3,0.11530871762156787
3606,2023-04-02,11,48,2,0.041453150378766734
3607,2022-08-11,18,31,1,0.10309558918646103
3608,2023-09-10,81,40,2,0.1503283074859334
3609,2024-08-06,27,42,1,0.11592900383450054
3610,2024-07-15,3,16,1,0.08994295148471931
3611,2023-10-02,71,50,1,0.16008653706883957
3612,2023-09-27,38,2,3,0.09437658347825606
3613,2022-12-10,5,15,1,0.18930978306301982
3614,2024-07-26,98,37,2,0.18016286628313238
3615,2023-08-08,25,49,1,0.0004000321337330748
3616,2023-01-12,14,27,3,0.0216128492582639
3617,2024-06-09,1,7,3,0.10263646125177227
3618,2022-09-01,30,28,2,0.14014421668800373
3619,2024-02-17,8,45,3,0.06932170651111784
3620,2023-09-23,96,5,1,0.05874839461618993
3621,2022-01-12,30,1,3,0.19717930714750506
3622,2022-05-28,8,8,2,0.0713418056739535
3623,2024-05-24,38,28,3,0.009632704904176094
3624,2022-09-30,58,50,2,0.04862319721976341
3625,2022-09-13,23,2,2,0.16724334622758688
3626,2024-09-09,34,24,2,0.13372407948250395
3627,2024-01-15,51,2,1,0.09601831870536373
3628,2024-03-14,94,20,1,0.10043146746353673
3629,2024-08-25,30,5,3,0.18683491658166326
3630,2024-09-02,52,44,2,0.13543704773371606
3631,2022-10-17,65,12,2,0.13948343489265522
3632,2023-10-28,41,19,1,0.16312616000853997
3633,2024-03-09,27,36,3,0.06753275241117021
3634,2022-07-30,88,11,2,0.01850839238493245
3635,2023-08-30,47,7,1,0.16268583734102804
3636,2023-04-15,39,45,2,0.005953709438853427
3637,2023-09-28,1,10,1,0.11467557214385803
3638,2022-07-15,8,37,2,0.024203438765617237
3639,2023-09-11,99,19,3,0.0930135831077939
3640,2022-05-02,47,48,2,0.18304648387534406
3641,2024-09-07,41,4,3,0.16113134753189717
3642,2022-11-15,62,11,3,0.005941497143186526
3643,2022-03-17,34,17,1,0.08447905368884244
3644,2022-11-07,38,9,2,0.014502132781654287
3645,2024-01-03,23,28,1,0.11777790376531619
3646,2024-02-17,21,20,3,0.17758361631587793
3647,2024-05-24,82,21,3,0.1603802151757493
3648,2022-09-14,38,13,2,0.12309249633143285
3649,2024-09-13,36,47,2,0.11428009295386424
3650,2024-02-05,43,48,3,0.08331349009758085
3651,2023-03-24,55,11,2,0.1435975800321965
3652,2022-06-19,42,13,3,0.16882284693602112
3653,2024-05-25,5,9,3,0.09898919557293387
3654,2022-05-04,9,29,3,0.07111640966989592
3655,2023-05-22,37,12,2,0.03887906743221645
3656,2024-09-27,94,42,1,0.0791946324193476
3657,2022-08-17,54,11,3,0.07165656634826766
3658,2024-06-13,38,19,2,0.08989400211395587
3659,2024-01-25,59,28,1,0.06494562144978613
3660,2023-10-30,32,41,1,0.07790288829180031
3661,2022-01-13,57,26,1,0.10603840249704838
3662,2022-01-10,92,36,1,0.13074964353160762
3663,2022-04-16,19,26,2,0.1838153694849849
3664,2022-04-05,61,30,1,0.15643133818249078
3665,2023-05-04,63,44,3,0.13438865960775784
3666,2022-07-20,56,14,2,0.005819681038025659
3667,2023-06-13,95,44,1,0.07423522060856394
3668,2024-09-05,11,40,2,0.19132904759755787
3669,2022-12-03,68,13,2,0.01126484559971963
3670,2022-01-03,15,25,3,0.055757613120404906
3671,2022-11-16,99,31,3,0.16419068674149728
3672,2024-04-14,14,3,2,0.15113320155836624
3673,2022-01-27,68,5,2,0.07658689005957942
3674,2022-06-15,56,49,3,0.0705438873957382
3675,2024-02-03,76,11,3,0.1603979769063193
3676,2023-02-01,65,2,3,0.03502367229784251
3677,2024-05-23,93,23,2,0.17821420999562582
3678,2022-05-12,75,9,1,0.11151521657729209
3679,2022-12-21,75,8,2,0.1451248897714917
3680,2024-01-15,7,4,2,0.007303241804860328
3681,2024-02-28,54,15,2,0.024494513854976942
3682,2024-06-25,43,14,2,0.1856616071236018
3683,2022-04-15,26,36,3,0.16284161490250154
3684,2024-09-26,74,29,3,0.18032771507797044
3685,2024-06-07,79,21,2,0.05377823624038136
3686,2022-05-30,26,48,1,0.08728452160949135
3687,2022-01-25,56,9,3,0.12043098109071466
3688,2022-04-22,36,23,3,0.17917130488266209
3689,2022-05-18,61,19,1,0.09678477526950356
3690,2024-06-03,35,17,3,0.1788125859007513
3691,2023-02-16,64,24,3,0.04831669652632871
3692,2024-05-17,51,17,3,0.13855552751030706
3693,2023-12-15,44,19,2,0.08209921415052623
3694,2022-08-28,86,43,3,0.055152403623472825
3695,2022-08-05,65,14,1,0.01618717891084447
3696,2022-06-07,16,6,3,0.02704112296890513
3697,2023-11-09,37,8,2,0.0031213484922257176
3698,2022-09-15,41,21,1,0.10754559785396585
3699,2023-02-19,67,8,1,0.12433038395178134
3700,2022-05-14,58,45,3,0.13380292230798188
3701,2024-06-24,10,28,3,0.15842558342144186
3702,2023-01-14,17,15,1,0.08280820972372838
3703,2022-05-15,1,36,1,0.12490256560934454
3704,2022-08-23,74,26,1,0.08971747777455755
3705,2022-12-16,40,39,2,0.13536837702809407
3706,2022-04-12,99,12,2,0.12116202893936107
3707,2023-09-26,50,42,1,0.004868262994731087
3708,2024-01-25,13,43,3,0.060523569660101466
3709,2023-08-22,32,4,2,0.11153965707740032
3710,2022-10-07,96,17,1,0.1072112425948699
3711,2024-08-28,22,41,1,0.09498251025932372
3712,2022-11-12,56,38,1,0.033678663135448254
3713,2023-09-05,74,5,3,0.0672672228850234
3714,2022-01-30,13,27,3,0.12601361322891172
3715,2023-01-30,13,27,1,0.002718078567413529
3716,2022-04-16,33,32,2,0.04252454119180054
3717,2022-01-12,87,20,2,0.06606949816702766
3718,2022-03-04,38,19,1,0.10413739675853317
3719,2023-08-16,42,16,2,0.05748560026865273
3720,2023-10-17,49,2,2,0.15775432060421576
3721,2024-09-09,35,39,3,0.1419860574822571
3722,2023-08-17,34,39,1,0.13071155097236267
3723,2022-04-10,12,44,3,0.13931309722039428
3724,2022-04-02,47,32,1,0.011253342789799082
3725,2022-09-29,50,10,3,0.06866133502327863
3726,2022-01-30,58,39,1,0.047918777166580155
3727,2023-02-08,99,48,1,0.06094069652258767
3728,2024-01-12,57,19,3,0.04928295383776509
3729,2023-10-02,50,17,3,0.06369440060238454
3730,2024-09-16,83,4,1,0.018267913651125435
3731,2022-10-16,86,25,3,0.0729392140870525
3732,2023-11-01,89,34,1,0.15881912755862188
3733,2024-02-13,41,13,2,0.18526504963745263
3734,2023-12-13,20,11,3,0.19740331843760225
3735,2023-03-09,60,23,1,0.13716697192788138
3736,2023-05-06,89,1,3,0.12492978534227468
3737,2022-07-19,27,22,2,0.020101274530543868
3738,2022-07-05,55,50,1,0.07244479659380823
3739,2024-09-09,28,18,1,0.029721728066545564
3740,2023-02-06,39,24,1,0.0065733921404191875
3741,2022-08-25,44,18,1,0.12509938389440958
3742,2024-09-06,86,17,1,0.0011566286307636453
3743,2022-06-13,43,8,3,0.011569248980173264
3744,2022-09-03,13,50,1,0.0598815227211909
3745,2022-06-01,28,11,1,0.1324872221458179
3746,2022-11-14,98,40,3,0.10333181335957531
3747,2023-09-21,64,7,2,0.17033897609158266
3748,2023-01-18,17,4,3,0.13009169762531367
3749,2022-05-28,45,16,3,0.098390103378301
3750,2022-01-29,58,1,2,0.16734095984882777
3751,2023-05-29,1,43,2,0.062272163290219146
3752,2022-02-06,67,9,1,0.1907969841519512
3753,2022-01-28,19,21,3,0.07281164304394937
3754,2023-01-09,87,36,1,0.05996545271732095
3755,2022-03-14,48,49,1,0.06391528254271213
3756,2023-05-01,49,38,2,0.006003146606635435
3757,2022-10-12,100,44,1,0.18253013490865488
3758,2023-01-26,53,26,1,0.0842004185747878
3759,2024-01-09,91,10,2,0.1873689622252969
3760,2022-11-19,79,29,3,0.06189189546012117
3761,2023-07-04,42,36,2,0.10285936753366068
3762,2024-07-29,19,45,1,0.06641484103120661
3763,2022-07-02,59,32,1,0.15311575967883986
3764,2024-06-11,81,11,2,0.13567371588073665
3765,2024-08-07,82,8,2,0.14119715230625043
3766,2024-04-26,3,29,2,0.11602335331101384
3767,2023-08-31,67,49,3,0.16571917246230572
3768,2023-07-25,31,47,3,0.17085232374513373
3769,2023-11-13,35,42,1,0.09285102291018227
3770,2023-04-27,85,30,1,0.0687945150389252
3771,2022-09-17,46,5,2,0.0986443599922767
3772,2023-05-20,10,47,3,0.0417813559339447
3773,2023-08-22,99,38,1,0.17193097962089213
3774,2022-08-12,74,43,3,0.09232630899745771
3775,2024-04-15,59,22,2,0.027804131621022132
3776,2022-07-23,87,20,1,0.08718174333019574
3777,2023-11-28,91,2,1,0.11157989484546822
3778,2024-04-07,75,42,1,0.13315335889624252
3779,2022-04-27,23,26,1,0.16695145203716932
3780,2023-10-22,61,8,2,0.014392106665962068
3781,2024-01-13,71,26,3,0.11692357679289343
3782,2022-05-02,82,37,2,0.08014063713411057
3783,2022-04-24,24,6,1,0.16173335896793023
3784,2024-04-17,49,11,1,0.14903356597227183
3785,2022-07-01,72,22,1,0.1271389064943622
3786,2024-08-06,36,16,2,0.10384635090082922
3787,2022-03-02,56,46,3,0.11664384273459538
3788,2023-03-22,91,44,2,0.022916337705213063
3789,2023-05-28,78,22,3,0.018305377371525666
3790,2022-01-24,11,22,1,0.11093254581211653
3791,2022-02-10,65,15,2,0.0728360250506721
3792,2022-05-17,88,23,2,0.021824808958655906
3793,2023-12-24,72,31,2,0.17055173393186035
3794,2024-01-07,79,23,3,0.190537662621031
3795,2022-06-25,66,19,1,0.07155389793370902
3796,2022-11-23,17,5,1,0.19257342449380518
3797,2022-07-31,53,14,1,0.04479610860256911
3798,2022-09-29,66,43,3,0.05062676284093055
3799,2024-02-07,100,25,2,0.04139184464295764
3800,2024-09-25,96,14,3,0.1629163340131419
3801,2022-08-23,96,1,3,0.10753927955872547
3802,2022-08-10,84,19,2,0.05420325868628815
3803,2022-01-10,10,26,2,0.13170757424446472
3804,2022-05-21,75,41,1,0.19388888933273263
3805,2023-03-23,94,36,3,0.09437040378571149
3806,2023-10-17,90,32,3,0.00241325242588597
3807,2024-01-22,28,40,1,0.0955183238179777
3808,2022-08-02,12,38,2,0.047733653260625
3809,2022-03-06,86,16,1,0.11807848690258219
3810,2022-10-20,88,48,1,0.10674302334311254
3811,2022-09-26,27,8,1,0.1994737351640777
3812,2022-12-23,82,46,2,0.10450267842444616
3813,2022-04-16,83,28,2,0.10753781452484262
3814,2022-09-29,76,14,3,0.1990357323309479
3815,2022-04-05,25,1,3,0.11295672362434542
3816,2022-12-16,43,1,3,0.002223727789609331
3817,2022-11-12,37,17,2,0.1741753021125483
3818,2023-05-21,77,21,2,0.09593857486409717
3819,2022-07-05,27,16,1,0.14986482706084742
3820,2023-01-05,95,8,2,0.08567235572605794
3821,2023-01-10,3,44,1,0.08631029221704015
3822,2023-06-03,33,20,1,0.14762896242693943
3823,2022-09-14,37,37,3,0.0821044195702728
3824,2022-11-26,1,31,1,0.1827586839246871
3825,2023-08-19,46,29,2,0.13709634376143845
3826,2024-06-29,4,21,1,0.06530698302426503
3827,2023-01-25,42,21,1,0.0860231837253464
3828,2022-08-24,66,36,1,0.12136417604689138
3829,2023-05-12,72,3,3,0.10852479953210428
3830,2024-04-13,59,49,2,0.1868917305991493
3831,2023-06-24,34,22,2,0.17371714332563593
3832,2023-10-19,3,26,2,0.11940359772722926
3833,2024-03-08,92,1,2,0.02316085947438944
3834,2022-05-25,4,7,3,0.09261177915519991
3835,2022-01-08,89,16,3,0.13208423673408443
3836,2022-08-02,46,20,3,0.04563123723743681
3837,2022-02-07,56,16,3,0.1648957283245508
3838,2024-07-03,32,29,1,0.017432156336687734
3839,2023-08-11,33,5,2,0.1100490182055826
3840,2022-08-13,29,14,1,0.09078288215663084
3841,2022-05-05,57,40,3,0.18673127947421894
3842,2023-11-10,6,24,2,0.07586516002994124
3843,2022-12-13,35,49,3,0.1825485834809798
3844,2023-12-16,3,11,2,0.10709950553571415
3845,2022-07-28,70,48,1,0.032294314657711376
3846,2023-02-08,5,21,2,0.06799798149796168
3847,2022-10-02,95,4,3,0.11171045748727373
3848,2022-01-07,21,25,3,0.1987939481639293
3849,2022-03-13,14,33,3,0.16396832417822838
3850,2022-10-30,62,16,2,0.15724036583243817
3851,2023-03-30,27,47,3,0.10410097625463575
3852,2023-07-18,57,33,3,0.15048374860391336
3853,2024-06-14,81,38,3,0.015866867068216585
3854,2023-07-31,29,8,3,0.05400779331068748
3855,2024-02-18,5,34,3,0.1734131180161546
3856,2023-06-20,23,28,3,0.1914496684079611
3857,2023-07-31,79,24,2,0.005650834954653017
3858,2022-08-01,60,14,1,0.03088794735485767
3859,2022-12-07,35,47,2,0.1555111494040502
3860,2023-08-02,65,23,3,0.01569694878817891
3861,2022-10-01,13,38,1,0.1659639871512598
3862,2024-03-31,93,17,3,0.06580322009924122
3863,2024-04-14,44,44,3,0.11547821186831886
3864,2023-05-15,15,12,2,0.1169310851032382
3865,2024-06-12,51,13,1,0.0036385047794078584
3866,2023-04-19,68,40,3,0.1395173268574192
3867,2024-09-15,18,1,3,0.00020406404413135794
3868,2023-12-28,28,43,3,0.18783578570398718
3869,2023-01-03,67,46,1,0.03789276161385802
3870,2024-06-21,43,8,2,0.02206591603390644
3871,2022-04-29,60,13,1,0.1778975211212134
3872,2023-10-18,87,31,1,0.17185516467276454
3873,2023-11-25,44,36,2,0.12329589844131619
3874,2022-03-20,86,45,2,0.12485593482922096
3875,2023-07-19,62,48,1,0.18733934169802313
3876,2023-10-12,36,21,2,0.047344343400469474
3877,2022-10-27,75,11,3,0.06328602806565975
3878,2023-05-26,12,41,2,0.11010448769028983
3879,2022-09-02,23,10,1,0.07839225472160818
3880,2024-04-22,65,49,3,0.1383805747460248
3881,2023-01-13,79,33,3,0.08879026429417963
3882,2024-06-04,99,39,3,0.10326543877068405
3883,2023-05-19,42,4,3,0.15111689523850588
3884,2024-02-08,82,3,2,0.09916788893873443
3885,2023-12-04,80,26,1,0.1333655903570017
3886,2023-07-11,78,30,2,0.14803392991642889
3887,2024-08-17,89,13,2,0.14699472224414453
3888,2023-08-20,87,30,1,0.10575895606873623
3889,2023-12-04,95,18,2,0.023838548052017395
3890,2023-06-10,54,8,1,0.032742012162146915
3891,2022-05-04,58,21,1,0.13022635799695195
3892,2024-03-25,89,3,1,0.04900688513802292
3893,2023-11-11,68,18,3,0.19433660218101717
3894,2022-06-05,32,48,1,0.0781479428905501
3895,2022-01-25,42,49,1,0.03739172965543656
3896,2023-12-19,43,43,1,0.18295156933413756
3897,2024-04-24,93,30,3,0.14211049520511107
3898,2024-04-10,90,49,3,0.0953319984053554
3899,2023-08-30,73,5,2,0.043375126076370285
3900,2022-05-05,1,28,2,0.06851722827677424
3901,2022-02-13,45,30,3,0.09366866605523727
3902,2022-10-03,87,23,2,0.02044599790437092
3903,2022-05-18,63,19,3,0.1314632934000933
3904,2023-04-27,32,32,2,0.1470896376287446
3905,2023-07-14,20,37,1,0.1680945935031234
3906,2024-08-11,26,40,2,0.19458365798365715
3907,2024-09-21,84,6,1,0.1492616449047541
3908,2022-11-08,75,31,1,0.0006861750362741504
3909,2024-06-05,46,26,2,0.09211059061946325
3910,2024-08-13,59,29,1,0.17311569578882963
3911,2023-11-16,65,19,1,0.12893668140445932
3912,2024-08-20,9,48,2,0.056928958148321135
3913,2023-09-18,98,17,2,0.10222966330025507
3914,2023-02-03,9,38,2,0.04128089851722299
3915,2024-03-16,39,49,3,0.09113290471021351
3916,2023-05-03,40,50,1,0.09698884915298167
3917,2023-04-24,87,11,2,0.08361142255524366
3918,2024-03-19,12,33,2,0.1219589336713886
3919,2024-07-21,46,8,1,0.12972561110918976
3920,2024-05-25,35,2,1,0.03288097946841735
3921,2023-04-21,87,14,3,0.11267864556751027
3922,2022-02-01,7,46,1,0.014398806402863285
3923,2023-06-17,4,1,3,0.04932801922214314
3924,2023-03-13,34,15,1,0.16608628955832636
3925,2024-02-09,90,25,1,0.07068978831211102
3926,2023-12-08,50,27,2,0.07010082155650514
3927,2023-08-14,20,41,2,0.1291790884081865
3928,2022-02-08,93,28,2,0.022324563107897058
3929,2022-10-13,91,9,1,0.16601577868091894
3930,2022-04-10,46,7,3,0.012104183391494461
3931,2022-09-13,49,17,3,0.15693564195685522
3932,2024-04-06,10,45,3,0.18459685977507342
3933,2022-05-23,29,18,1,0.08722482266508405
3934,2023-07-05,43,1,3,0.030446967873454824
3935,2022-07-29,48,14,2,0.1335151908755452
3936,2023-11-21,94,23,2,0.1368616027269739
3937,2022-12-30,78,18,2,0.12017517305963038
3938,2023-10-27,28,46,3,0.1616853902070672
3939,2024-07-19,27,15,2,0.01682725595263759
3940,2022-05-04,49,11,1,0.02446115883619826
3941,2022-04-15,55,39,1,0.17024195851211762
3942,2023-10-05,3,9,2,0.12023283735728088
3943,2023-02-16,32,23,2,0.0461583381578963
3944,2024-09-23,42,33,1,0.11763675329537027
3945,2022-01-08,44,18,1,0.05601750505399419
3946,2024-05-05,51,30,2,0.045604496675089194
3947,2024-03-07,57,7,1,0.056854409588020995
3948,2024-02-15,100,46,1,0.11920069374359088
3949,2024-03-01,51,13,1,0.07623094656160799
3950,2022-03-20,51,25,1,0.081627931204797
3951,2022-06-27,50,9,3,0.04551531754845337
3952,2023-10-26,52,23,1,0.13769370018499927
3953,2022-10-08,59,27,2,0.05057881219480551
3954,2024-06-28,55,20,1,0.09375073947257968
3955,2022-04-08,38,18,2,0.021738508459561535
3956,2024-03-13,89,13,2,0.024078262108875693
3957,2022-08-04,30,21,1,0.016838004418764953
3958,2022-06-05,83,13,1,0.10720913562335047
3959,2022-07-03,53,4,3,0.18005151829962393
3960,2024-07-25,82,33,1,0.013228886189358403
3961,2023-04-24,51,37,1,0.17295189547324188
3962,2024-09-02,97,45,3,0.0019153716376858255
3963,2023-06-27,82,25,3,0.08319001773455269
3964,2022-03-13,69,3,3,0.12199171765933342
3965,2024-02-27,69,19,3,0.09031753560430873
3966,2024-05-03,56,29,2,0.11574177795577419
3967,2022-01-18,3,15,3,0.15331646383392736
3968,2022-07-08,29,9,3,0.01776250194675726
3969,2023-05-29,20,1,2,0.17205171923396223
3970,2023-09-09,68,39,1,0.19344145322069373
3971,2023-11-19,21,44,1,0.01694623717234931
3972,2022-12-01,70,15,3,0.05667715176845265
3973,2022-10-25,76,38,1,0.17110962948121244
3974,2023-03-12,45,12,3,0.11527015387936118
3975,2023-02-27,80,47,1,0.06011993129949549
3976,2024-01-10,81,39,3,0.18536244734302776
3977,2022-03-11,92,25,1,0.18666902564622373
3978,2022-04-30,28,15,3,0.1031153948030114
3979,2022-06-26,45,50,3,0.024755982691137126
3980,2023-10-29,46,6,2,0.036158370904494606
3981,2023-11-04,88,24,3,0.07364298918719372
3982,2023-11-30,77,1,1,0.02115557658070626
3983,2022-11-09,93,14,1,0.1730138100336237
3984,2023-01-24,11,32,3,0.05424161014676272
3985,2023-10-11,60,24,3,0.09903113571542493
3986,2022-02-13,78,41,2,0.09566964628653532
3987,2024-08-16,5,10,3,0.0016688985123100688
3988,2022-04-07,75,3,1,0.019299680579331693
3989,2024-08-04,21,27,3,0.049850718431299845
3990,2024-08-30,5,33,2,0.1120909055387318
3991,2023-03-25,42,42,2,0.060583173418824736
3992,2023-07-27,49,30,2,0.12685651699602837
3993,2022-10-18,98,12,3,0.15057347245045274
3994,2023-07-30,81,17,1,0.0009675832192951317
3995,2024-03-28,57,29,2,0.0792787506659338
3996,2023-06-01,23,19,3,0.13629488314171898
3997,2024-03-04,24,31,1,0.12925176839826777
3998,2024-06-17,72,17,2,0.077900873328765
3999,2023-06-24,72,9,1,0.09716890447514291
4000,2022-06-10,15,19,2,0.07767514024636446
4001,2022-12-10,39,4,3,0.16785945788257697
4002,2024-03-22,23,43,1,0.16291993227336368
4003,2024-05-22,9,30,1,0.07895932080917262
4004,2022-06-14,76,9,1,0.003564599757920495
4005,2022-05-17,61,25,1,0.09032956332162412
4006,2024-05-04,78,3,3,0.1199949696590848
4007,2024-04-23,36,10,3,0.030178677244021946
4008,2024-07-25,10,37,3,0.00915454343603781
4009,2024-03-28,17,15,1,0.19466780671976652
4010,2023-09-08,42,29,2,0.10222077461480286
4011,2022-01-14,8,41,3,0.19419629213916942
4012,2022-06-04,81,19,1,0.11846863978502101
4013,2023-07-01,60,37,3,0.019324941780476636
4014,2023-01-07,42,45,2,0.13133106574635006
4015,2023-04-01,35,33,1,0.10019275635564576
4016,2022-03-31,20,33,1,0.00866588138659048
4017,2022-03-25,64,14,3,0.07967208747608001
4018,2022-03-10,10,41,3,0.1503479829671723
4019,2022-08-31,68,6,3,0.15891930780870567
4020,2023-08-25,100,35,2,0.03407862997690001
4021,2024-05-10,96,6,1,0.1825156761676089
4022,2022-05-04,8,4,3,0.09342607915067472
4023,2024-09-12,18,1,1,0.12216492373423345
4024,2024-07-28,84,30,3,0.08962592077025429
4025,2023-02-13,33,44,1,0.04498197837531921
4026,2024-07-06,10,2,1,0.17233001428534223
4027,2024-08-07,64,49,2,0.16103016187601926
4028,2022-12-30,75,12,3,0.08174495424973932
4029,2024-05-05,33,47,2,0.1539023290212692
4030,2022-04-17,54,33,1,0.049903783835308205
4031,2022-01-17,14,16,1,0.17955259262692275
4032,2023-02-15,15,42,2,0.03343073917382729
4033,2022-10-08,59,12,1,0.05497874447075826
4034,2023-12-26,89,11,3,0.05220062985494456
4035,2023-08-02,61,9,2,0.044120303822151576
4036,2022-04-21,7,38,3,0.024549596007080534
4037,2023-11-15,27,2,3,0.09917500078289015
4038,2023-03-21,86,18,1,0.03167979032600512
4039,2022-07-07,81,44,3,0.10352938071938844
4040,2022-12-23,51,27,1,0.13145744792993083
4041,2024-05-07,54,16,2,0.005590412946199242
4042,2024-04-10,87,40,1,0.1628989684119134
4043,2023-04-02,58,1,3,0.0006472679798956715
4044,2024-06-20,89,23,1,0.019093397448111893
4045,2024-08-25,60,8,1,0.09360097815009881
4046,2024-07-04,69,48,1,0.016392776958218547
4047,2023-05-26,81,42,1,0.05420696634953799
4048,2023-04-01,1,24,2,0.1804551009980275
4049,2023-08-21,96,50,3,0.17713858655177328
4050,2023-11-08,100,17,1,0.13145407486741575
4051,2022-10-19,1,39,1,0.18059055850811245
4052,2022-01-08,39,42,2,0.03210793899529279
4053,2023-02-21,31,23,1,0.02201764775767461
4054,2024-04-05,66,37,2,0.08171566926860932
4055,2024-01-23,35,17,2,0.1492016993054303
4056,2024-07-03,72,19,1,0.18239000113876014
4057,2023-03-03,96,27,1,0.09087426428000255
4058,2023-07-14,91,15,2,0.15153853446337764
4059,2024-08-04,55,35,1,0.0055452595730117295
4060,2022-05-16,57,33,2,0.10891617656823421
4061,2024-09-12,2,40,3,0.015280947891623287
4062,2023-02-04,79,2,3,0.01141943760234625
4063,2022-01-22,36,22,2,0.07767016986020225
4064,2023-05-03,13,18,3,0.15274770560948678
4065,2022-11-23,90,13,1,0.04072480835546188
4066,2023-04-21,15,41,2,0.039451904401494646
4067,2022-10-25,81,9,2,0.1763781710800266
4068,2024-08-09,17,24,2,0.10433159786875892
4069,2024-06-13,80,10,1,0.1321631560121638
4070,2022-12-05,82,17,2,0.137624532045147
4071,2022-11-29,39,37,2,0.01559030524347056
4072,2022-11-06,93,37,2,0.10127709270323791
4073,2023-01-13,76,37,3,0.06517102173768677
4074,2022-05-27,93,14,2,0.009166981090167382
4075,2024-03-03,87,25,1,0.11992569837431984
4076,2022-04-03,41,14,3,0.19823031363714658
4077,2022-08-07,85,29,1,0.07411159441388689
4078,2024-02-09,51,38,2,0.07088424782936238
4079,2024-03-23,85,45,2,0.16114970789077881
4080,2023-03-02,49,17,1,0.18917997293177882
4081,2024-03-14,76,14,3,0.1732714945760282
4082,2023-03-26,89,10,2,0.10647068405011689
4083,2024-04-07,92,17,2,0.06052735677712584
4084,2024-08-26,4,34,1,0.18718381128748335
4085,2023-12-02,68,26,3,0.022312084391070488
4086,2024-02-25,10,18,2,0.023315111299093628
4087,2023-02-09,21,41,3,0.08555653237829569
4088,2023-08-27,88,34,2,0.11043929148138745
4089,2024-01-21,79,14,1,0.19781776388200278
4090,2023-09-11,57,27,3,0.09741655952077224
4091,2023-05-01,18,49,2,0.1922790221385079
4092,2023-09-26,55,36,2,0.18377700016811518
4093,2024-05-02,57,5,3,0.00660067079023241
4094,2022-06-07,45,33,3,0.1604347051794955
4095,2022-01-10,48,20,2,0.18270622882215584
4096,2023-07-17,66,3,2,0.024361886693227787
4097,2022-09-07,9,31,3,0.16165932112051265
4098,2024-03-27,51,4,3,0.19899262681269608
4099,2022-08-10,21,35,3,0.03171787002902365
4100,2022-02-19,46,37,2,0.020677632948748803
4101,2022-04-17,50,5,2,0.13640401303284697
4102,2024-02-06,20,20,1,0.0020784751423049033
4103,2023-10-25,47,42,3,0.057015538750630194
4104,2023-10-24,39,23,1,0.16394460404744304
4105,2022-06-09,22,22,3,0.11376224993567059
4106,2022-07-18,88,22,1,0.1871976254705097
4107,2024-07-04,97,3,3,0.10727217478359961
4108,2022-08-19,45,42,2,0.04647662470654823
4109,2024-05-01,89,3,3,0.009572856211146986
4110,2022-05-09,100,32,2,0.06468862391728772
4111,2023-09-23,82,40,3,0.1465644748311183
4112,2023-10-09,53,15,1,0.1953590922584578
4113,2023-02-28,80,33,1,0.05044071057840471
4114,2022-08-29,64,23,3,0.026942949683414243
4115,2023-08-06,65,38,1,0.02750535008756827
4116,2022-08-17,35,10,1,0.055028370771185546
4117,2023-07-23,1,15,2,0.05151031010603951
4118,2023-12-18,52,46,1,0.08086314551641643
4119,2023-12-01,70,46,3,0.010731509930045215
4120,2023-04-09,50,41,1,0.07470643486065064
4121,2022-12-02,26,9,1,0.023997648772304016
4122,2022-07-24,55,49,3,0.1468246245507316
4123,2022-10-23,96,50,1,0.16668837721064375
4124,2023-03-07,41,29,2,0.010631350584035904
4125,2024-03-26,55,17,2,0.18459938247576102
4126,2023-11-29,63,25,2,0.03973399491596981
4127,2023-10-28,48,2,2,0.1925467361570445
4128,2023-09-09,5,2,1,0.15668057671727642
4129,2023-04-13,3,41,3,0.19200588564712798
4130,2023-07-13,40,31,2,0.07446636650334663
4131,2023-06-09,99,10,2,0.1499200239908183
4132,2024-06-12,83,44,2,0.1716350030770511
4133,2022-09-19,56,9,3,0.048578440993236806
4134,2023-03-11,46,34,1,0.07511762997966216
4135,2023-05-10,84,2,2,0.19983389175215927
4136,2022-05-15,81,40,3,0.12756565602374453
4137,2024-02-18,54,38,3,0.11906788938061402
4138,2024-03-06,7,47,3,0.07272523821486802
4139,2023-08-23,23,5,3,0.1431478751520151
4140,2024-06-28,49,32,3,0.0800777810739287
4141,2022-03-12,33,11,2,0.1325168808015009
4142,2024-08-15,2,7,3,0.12163829153732682
4143,2023-07-21,77,31,2,0.12029900804578597
4144,2022-08-28,49,37,2,0.046055492715771695
4145,2022-01-03,60,4,1,0.07284119719457159
4146,2023-04-03,5,42,3,0.10177554718433256
4147,2023-05-05,45,21,2,0.0699947526708149
4148,2022-01-06,72,22,1,0.020294716639891488
4149,2023-04-02,45,7,2,0.09514891030568698
4150,2023-07-02,67,50,1,0.06526073260005685
4151,2022-04-02,95,28,1,0.12569302723360193
4152,2023-05-16,3,48,3,0.07063267564540963
4153,2023-08-31,43,21,1,0.09303632477212523
4154,2022-03-21,18,8,3,0.1608139388336205
4155,2023-05-09,2,22,2,0.16125626054435463
4156,2022-03-08,52,10,2,0.155661493413644
4157,2022-07-18,44,15,2,0.12233178549770057
4158,2023-08-26,69,9,1,0.11058500419707194
4159,2023-01-14,91,26,1,0.012685673054750502
4160,2022-06-25,50,9,1,0.03471264473786617
4161,2023-01-12,38,2,2,0.0075489685494930965
4162,2023-01-25,45,24,3,0.01458876050927156
4163,2022-03-29,27,40,3,0.07514147940694205
4164,2022-01-30,9,36,2,0.13326549452029052
4165,2023-12-24,92,40,3,0.1368363626828462
4166,2023-12-17,31,20,3,0.10214252506007578
4167,2024-06-20,56,37,2,0.06337425968128539
4168,2022-07-26,46,26,3,0.13850732990352763
4169,2022-01-25,65,21,3,0.19326304839798636
4170,2022-04-22,88,7,1,0.08996593672616418
4171,2024-01-01,10,7,3,0.10887892014947001
4172,2024-08-20,40,22,1,0.038697326076159305
4173,2023-05-19,7,18,1,0.18693631367330618
4174,2022-07-29,61,15,2,0.032699456928474716
4175,2023-06-18,95,45,1,0.09595803191222976
4176,2023-09-15,19,42,1,0.1276885086136264
4177,2023-01-24,5,23,2,0.025046257880606528
4178,2024-01-26,21,48,1,0.07091646394307764
4179,2023-10-19,1,38,2,0.05978628461512701
4180,2024-08-28,29,2,3,0.00897834999235232
4181,2023-01-11,61,46,3,0.010948341291511855
4182,2022-06-20,14,31,1,0.06830814760335975
4183,2022-02-16,41,24,2,0.15035303621511018
4184,2024-07-06,11,43,1,0.1884316831269619
4185,2022-11-24,25,8,1,0.12895445367363564
4186,2024-01-15,16,8,2,0.05251515668711915
4187,2024-09-21,3,3,3,0.11167266343895824
4188,2022-07-05,4,22,1,0.18596336507103522
4189,2023-07-17,96,25,2,0.008047489621453829
4190,2022-02-02,63,9,2,0.1995985845977513
4191,2022-11-25,23,48,1,0.17449735521543147
4192,2022-05-07,65,7,1,0.056542789874085966
4193,2024-05-19,17,37,3,0.17530618698774836
4194,2024-01-14,25,37,1,0.09123410529410658
4195,2024-01-09,81,15,1,0.025088273903315784
4196,2022-05-19,16,21,1,0.18998171390309937
4197,2023-04-15,100,50,3,0.03078825298556147
4198,2022-06-17,63,10,3,0.061269461725505694
4199,2024-05-24,14,3,2,0.09575473024214926
4200,2023-03-01,19,7,3,0.18435063638442742
4201,2024-09-02,4,22,1,0.10474166042452847
4202,2022-12-12,53,47,1,1.858297353418692e-06
4203,2023-11-04,45,44,2,0.050586642436681456
4204,2024-04-03,28,45,1,0.08876085582139825
4205,2024-06-26,7,9,1,0.18235873487332116
4206,2023-05-21,13,44,3,0.07712840543776377
4207,2022-09-30,22,40,1,0.0774322355529177
4208,2022-02-05,96,23,1,0.1533840771898758
4209,2022-06-14,56,11,3,0.09472583709566332
4210,2022-05-02,4,8,1,0.04787151885431915
4211,2024-07-01,74,39,1,0.07890233021384041
4212,2022-07-06,72,43,2,0.0033848745297589524
4213,2023-07-28,10,2,1,0.10760587881799599
4214,2024-08-29,60,2,1,0.17217341605749764
4215,2023-08-08,88,18,3,0.07533525207930734
4216,2022-06-26,93,49,3,0.15843064344818678
4217,2022-07-09,46,21,3,0.19852164650907914
4218,2023-01-24,94,14,2,0.033788225674882044
4219,2022-09-08,41,41,1,0.11922348317751041
4220,2023-08-22,24,31,1,0.18296260667093978
4221,2022-03-11,95,20,3,0.09436601440381737
4222,2022-10-15,30,8,3,0.18266000452695258
4223,2022-07-18,17,42,1,0.06788499884659314
4224,2022-01-17,4,42,3,0.0787593112787674
4225,2023-10-13,82,15,2,0.08328135307410763
4226,2023-02-16,10,44,2,0.06379975507084522
4227,2024-06-07,85,31,2,0.12682999738898743
4228,2023-02-25,11,40,2,0.049097564530789374
4229,2024-02-08,60,45,3,0.19383040366262258
4230,2024-02-29,43,12,3,0.16692062310397132
4231,2024-07-13,16,28,3,0.1364556571397368
4232,2024-03-11,55,45,1,0.02995325072198689
4233,2022-03-15,31,20,3,0.12162392855278388
4234,2022-05-20,48,37,3,0.05988883756026589
4235,2022-12-09,16,5,2,0.16166802188891638
4236,2022-01-30,93,41,2,0.19950462873646502
4237,2022-02-26,48,43,1,0.15231186305002506
4238,2024-09-22,34,12,3,0.1226555795125116
4239,2022-06-03,11,13,2,0.17057440049374872
4240,2024-08-07,97,37,1,0.14090381768501126
4241,2022-08-07,96,47,1,0.11208693593833718
4242,2022-12-21,17,28,2,0.06517650876846236
4243,2022-11-04,90,26,2,0.13273941829775446
4244,2022-03-28,7,50,1,0.01019699002527006
4245,2024-06-26,88,19,1,0.023921022297152806
4246,2022-03-24,85,5,3,0.06909675938768789
4247,2024-08-31,87,23,3,0.015872148419199174
4248,2023-01-18,21,26,2,0.03011650931309331
4249,2023-10-03,1,41,3,0.18320433896624772
4250,2022-10-12,35,48,3,0.060817147455831694
4251,2022-08-03,69,18,2,0.04398678189655354
4252,2022-01-19,3,8,1,0.1781600775853389
4253,2023-07-13,33,26,2,0.079898087370944
4254,2023-08-26,83,7,1,0.1905290902889072
4255,2022-04-21,35,43,3,0.0682378932945478
4256,2023-03-29,93,17,1,0.07488459057899044
4257,2022-09-28,64,45,1,0.0026760983457839063
4258,2023-10-20,35,41,3,0.009842847079406926
4259,2022-06-14,79,39,3,0.19869944777922446
4260,2023-11-20,45,25,3,0.12581419579372274
4261,2022-03-27,71,3,1,0.16669382479560763
4262,2023-09-06,69,40,3,0.041499529556047327
4263,2023-07-18,82,49,2,0.19007087470534056
4264,2023-04-25,16,33,1,0.18910993042809826
4265,2022-06-01,96,23,2,0.1821306044342197
4266,2024-07-21,58,13,2,0.06858916987110353
4267,2024-03-04,41,28,2,0.09542639560213406
4268,2024-08-13,89,9,2,0.13823030393362054
4269,2024-04-19,58,47,2,0.08964060220740651
4270,2023-02-16,95,6,2,0.12318297095092356
4271,2022-02-25,17,16,3,0.007906228320446318
4272,2022-05-18,98,40,1,0.018674075063830477
4273,2024-01-21,32,14,2,0.0984761049181603
4274,2023-03-20,72,5,3,0.021887422118221946
4275,2024-05-20,100,4,2,0.06884166812441482
4276,2024-07-17,85,50,3,0.0664449155409447
4277,2023-11-13,27,31,2,0.08062030957359688
4278,2024-07-03,54,6,2,0.07514263145289424
4279,2023-07-24,41,48,1,0.07916681698181385
4280,2023-09-06,30,41,3,0.1724622463966213
4281,2024-02-03,64,4,3,0.18884370290133543
4282,2022-01-05,80,16,3,0.13203218300682643
4283,2022-10-28,12,21,3,0.016479862089228272
4284,2023-03-19,45,18,1,0.0786146350360038
4285,2022-03-14,22,44,1,0.11476405808991341
4286,2024-04-16,54,21,1,0.17703669316877968
4287,2023-11-23,93,44,3,0.10821696518754086
4288,2022-04-19,77,28,3,0.11924611304686186
4289,2024-02-06,94,14,3,0.05047322793665676
4290,2024-04-11,27,3,1,0.02321853804119456
4291,2024-05-18,96,43,2,0.08841999776155887
4292,2024-07-01,10,6,1,0.05002375882118851
4293,2022-02-16,46,24,1,0.12814726401070595
4294,2023-03-19,69,4,2,0.15611200992954458
4295,2023-09-01,60,40,1,0.11447900222515406
4296,2023-07-18,23,21,1,0.02165484662236952
4297,2023-03-21,19,31,1,0.08830344975870273
4298,2022-11-21,63,5,2,0.1007287463311269
4299,2022-05-16,16,11,3,0.09772788217725954
4300,2024-04-17,18,48,3,0.06109844361172914
4301,2023-01-05,56,27,3,0.03758131238955129
4302,2024-08-23,15,27,3,0.1613040007817424
4303,2022-11-09,89,38,1,0.07250393740350503
4304,2023-06-04,41,47,3,0.09491312307766796
4305,2022-12-16,36,42,1,0.04283462418900635
4306,2023-02-16,50,19,2,0.05196665071604243
4307,2023-06-18,11,10,3,0.11064585506670824
4308,2024-05-17,80,46,3,0.12063193327995214
4309,2024-01-25,10,25,1,0.14854813031676406
4310,2022-09-04,86,12,1,0.040792641577774805
4311,2022-09-20,62,41,2,0.07711528067241542
4312,2024-08-09,61,17,3,0.015662586308664263
4313,2023-09-17,80,7,3,0.18260846197460148
4314,2023-01-25,52,22,1,0.1583962723518454
4315,2022-11-28,20,41,3,0.0001140297408791069
4316,2022-12-09,20,50,3,0.03976114349349813
4317,2022-05-16,24,48,1,0.051866172693612315
4318,2022-10-24,43,12,1,0.02944533697171996
4319,2024-09-11,15,25,2,0.005917024929870673
4320,2023-11-29,77,4,1,0.007820428459038964
4321,2023-08-29,42,31,2,0.05094967540981521
4322,2023-11-01,71,39,3,0.15770168847054933
4323,2022-03-17,60,11,3,0.03807966812701813
4324,2024-02-03,30,29,2,0.03819887586616651
4325,2023-08-31,72,30,2,0.11545371163172201
4326,2023-03-14,74,47,3,0.13854021964028376
4327,2022-12-02,94,21,1,0.0284304199712369
4328,2024-09-21,78,18,3,0.15105223021073794
4329,2022-08-19,75,32,3,0.11137328856611169
4330,2024-04-11,10,31,2,0.037801462465534154
4331,2024-03-20,49,43,1,0.058373658219206974
4332,2024-05-17,34,22,1,0.17410980577232116
4333,2023-04-18,58,46,2,0.13609938572093258
4334,2022-06-24,47,24,3,0.020060576848639468
4335,2024-07-30,23,27,1,0.033310587711113636
4336,2024-02-11,48,5,3,0.060966141781715624
4337,2024-06-15,86,26,1,0.08035957378965167
4338,2023-09-18,15,39,2,0.10605673858549088
4339,2022-02-22,4,20,2,0.14524233537931627
4340,2022-08-01,88,20,2,0.025306886650758666
4341,2022-12-22,38,38,2,0.09426801445539067
4342,2022-08-13,44,9,1,0.18144484254236823
4343,2023-09-24,37,3,3,0.18752663214633206
4344,2023-01-01,88,4,2,0.08798643196434422
4345,2022-06-11,85,42,3,0.062463456995639245
4346,2023-09-06,100,25,1,0.15757132813606306
4347,2023-02-12,70,15,2,0.16583685314355512
4348,2022-09-10,90,26,2,0.14511443498570847
4349,2022-02-25,26,5,3,0.012555133261483187
4350,2022-03-16,8,23,1,0.11681407848185486
4351,2022-04-08,95,23,1,0.03493906808819774
4352,2024-04-28,36,11,3,0.16101858710602907
4353,2024-09-21,12,7,3,0.1694558302628736
4354,2024-05-30,34,23,1,0.10831929663259672
4355,2023-01-31,71,11,3,0.1341182191940636
4356,2023-09-17,21,40,2,0.15610560496678944
4357,2022-04-08,11,18,1,0.16947475225614037
4358,2024-05-27,56,11,3,0.0749399491403646
4359,2023-08-04,7,49,2,0.12996857808463566
4360,2023-04-20,96,42,2,0.07216858133452356
4361,2022-04-27,18,2,2,0.12367502581530464
4362,2022-05-20,91,42,1,0.1823065188212586
4363,2022-11-05,87,15,3,0.0898699129385256
4364,2023-09-16,49,48,1,0.12258717556802626
4365,2023-12-02,4,30,1,0.03448808178498375
4366,2023-07-27,23,29,1,0.031417567141652496
4367,2023-12-16,55,23,2,0.015383204873151413
4368,2022-03-13,35,46,1,0.1951178813218043
4369,2024-01-16,16,22,2,0.06902847150904286
4370,2023-08-19,49,14,1,0.14956250721908007
4371,2023-11-25,68,21,2,0.18703288717877645
4372,2024-09-11,90,11,3,0.01613359968839534
4373,2023-08-28,18,21,2,0.05185151485099313
4374,2022-07-09,71,27,2,0.03623480549116054
4375,2024-03-02,37,30,1,0.011287836853319312
4376,2023-09-19,17,18,1,0.01023032658546097
4377,2023-10-14,16,43,2,0.07352031038207991
4378,2024-05-02,57,45,2,0.13320592523777053
4379,2022-09-25,25,24,1,0.14533425765560123
4380,2022-06-26,4,34,2,0.002602021313541281
4381,2024-03-13,17,14,1,0.1382190792662758
4382,2024-01-29,23,15,2,0.15856624601090089
4383,2024-04-14,35,8,3,0.09955951943582593
4384,2022-09-23,68,5,1,0.09632850396408675
4385,2023-11-14,7,21,3,0.14402268543580382
4386,2024-01-25,87,15,2,0.11814560221348247
4387,2022-09-26,82,27,2,0.040137196668545205
4388,2023-01-30,75,38,1,0.1017778931199749
4389,2023-11-11,60,26,3,0.10639899241533626
4390,2022-02-22,86,28,2,0.13329367965688738
4391,2022-04-16,84,40,2,0.023524440288135363
4392,2023-02-08,25,41,2,0.06439629718335742
4393,2023-05-31,62,45,1,0.1689109434115058
4394,2022-01-25,28,17,3,0.10659634151279132
4395,2024-07-08,92,29,2,0.07398764239204048
4396,2022-03-30,96,46,1,0.09221273837096217
4397,2022-02-28,88,39,2,0.004751799998312856
4398,2024-03-17,38,40,3,0.12389297393580045
4399,2024-07-06,31,23,3,0.03656368990302601
4400,2024-08-31,38,49,1,0.14345247587845733
4401,2022-10-04,3,37,3,0.08011145889114622
4402,2024-07-15,64,23,1,0.16739700079172934
4403,2023-12-05,73,8,1,0.04008429319232292
4404,2024-06-30,60,7,1,0.03694783767184726
4405,2022-03-07,2,43,1,0.12655618116423584
4406,2023-09-21,16,15,3,0.18518607593362513
4407,2024-08-27,78,37,1,0.166838843844495
4408,2023-05-18,45,37,1,0.17723565792816032
4409,2022-11-13,17,15,2,0.1456155980688804
4410,2024-05-05,74,3,3,0.18924271448944963
4411,2022-01-21,62,50,1,0.04813323557813518
4412,2024-07-13,12,24,2,0.015301422932009713
4413,2023-03-17,49,17,2,0.19526606092610133
4414,2022-09-20,73,3,1,0.14087651222596495
4415,2024-05-05,13,27,1,0.05099639422850575
4416,2022-10-15,56,33,1,0.023670094049430213
4417,2024-06-28,63,32,1,0.13772752825929896
4418,2022-05-10,1,46,1,0.009621296836719041
4419,2023-06-26,47,1,1,0.06264455000784806
4420,2024-08-09,15,42,2,0.1303358090405706
4421,2022-09-13,42,50,2,0.0785323278835062
4422,2023-03-30,60,17,1,0.010724868732512483
4423,2023-01-13,40,41,1,0.07053566217136094
4424,2024-07-18,81,31,3,0.14374793146404266
4425,2022-06-27,72,10,2,0.13124868324935712
4426,2023-06-08,16,35,2,0.07007348751942813
4427,2023-01-28,88,39,3,0.01739966652667371
4428,2023-05-24,50,49,1,0.03464886051275331
4429,2022-11-12,20,49,1,0.16360295523059903
4430,2023-03-31,86,2,3,0.1490479567170925
4431,2024-01-04,68,18,3,0.007154525991327688
4432,2023-03-27,55,33,3,0.13545413337142573
4433,2023-10-18,7,32,2,0.07663012514926018
4434,2022-08-23,77,21,1,0.15500892604163105
4435,2024-04-04,76,15,1,0.06517128305085174
4436,2022-01-07,53,29,3,0.16005565707529698
4437,2022-04-14,27,47,2,0.1827269261669544
4438,2022-04-09,47,38,3,0.10601092778340637
4439,2023-10-04,97,36,3,0.05330240459452221
4440,2022-02-23,28,45,1,0.191768371197327
4441,2023-04-18,42,49,3,0.1059974951058421
4442,2022-07-13,87,19,2,0.15644734681473363
4443,2024-01-09,48,39,1,0.030668792078652276
4444,2023-08-21,93,7,2,0.14741062990296602
4445,2023-05-07,4,28,2,0.0955833697598007
4446,2024-01-06,8,27,2,0.1243109935500329
4447,2024-08-10,20,21,2,0.12158993761579132
4448,2022-08-05,45,4,3,0.19880577043345485
4449,2022-08-14,5,1,3,0.16114103116070855
4450,2022-01-08,81,16,3,0.08241905592590737
4451,2022-09-18,99,24,2,0.16331086946882023
4452,2023-06-07,24,38,2,0.04132286304799167
4453,2023-11-29,97,19,3,0.0391322584166818
4454,2022-12-06,50,41,2,0.14176030185094537
4455,2023-11-22,30,33,2,0.1758888381268951
4456,2024-07-07,17,9,2,0.026326762479289112
4457,2023-07-17,86,47,2,0.10432672159939858
4458,2022-11-18,85,24,1,0.18028701364592803
4459,2022-11-23,83,12,1,0.059174373101037105
4460,2023-10-04,93,16,3,0.11500385688836151
4461,2022-10-06,9,30,1,0.05875691865540387
4462,2023-08-23,6,1,3,0.054218016103189486
4463,2023-01-25,72,39,3,0.054359596281702484
4464,2022-11-06,6,35,2,0.012499195607363102
4465,2023-12-13,10,43,3,0.029950129324105037
4466,2023-04-16,79,27,1,0.031801808892194215
4467,2024-09-07,24,20,1,0.018971374253746044
4468,2023-03-29,1,43,3,0.003193421602595681
4469,2022-09-02,75,5,2,0.030625943564517023
4470,2022-12-07,83,15,2,0.17858270034868493
4471,2022-12-24,80,15,3,0.0777750127102745
4472,2024-08-10,63,39,2,0.00819170538863372
4473,2022-10-25,76,37,1,0.1990749676220205
4474,2023-08-15,5,9,1,0.10574004740997489
4475,2023-04-19,79,35,1,0.1839475331318532
4476,2024-06-29,1,19,1,0.05570860900029791
4477,2023-02-06,15,24,1,0.02364584334258446
4478,2023-04-10,20,39,3,0.029774946172492257
4479,2024-04-12,97,42,3,0.16929735977573268
4480,2024-02-01,91,35,3,0.054860806374484185
4481,2022-03-14,65,2,2,0.09729686524125643
4482,2023-05-03,43,32,3,0.13210168807138684
4483,2022-03-12,76,9,1,0.05823004961486749
4484,2022-08-24,88,14,2,0.0170069127470593
4485,2022-11-26,93,36,1,0.048863002028962765
4486,2024-09-15,50,49,1,0.04993247621236281
4487,2022-05-05,20,27,3,0.11976249930648647
4488,2022-05-20,48,36,1,0.04778079441852934
4489,2022-05-05,69,14,3,0.08426624188925991
4490,2023-02-22,59,22,1,0.11754972266124114
4491,2024-04-11,28,39,3,0.01141809041429056
4492,2022-09-25,54,45,2,0.07230818711256304
4493,2022-02-26,43,19,2,0.19202884772860457
4494,2022-04-11,43,20,3,0.19356342783859476
4495,2022-02-04,41,30,2,0.1862597299727815
4496,2022-01-24,29,22,1,0.1085578538323897
4497,2022-04-02,53,12,3,0.1798822164533051
4498,2023-07-10,31,28,1,0.027934381353027574
4499,2022-05-17,4,19,2,0.09121958294267632
4500,2022-05-04,38,40,1,0.18862975026630238
4501,2024-03-31,54,4,1,0.0014109484877542712
4502,2024-01-31,79,26,3,0.1656419661019393
4503,2023-12-03,100,31,3,0.0015623199345994544
4504,2023-12-25,42,35,2,0.1399570413849535
4505,2024-03-16,75,31,2,0.07638753030791307
4506,2024-02-28,99,10,2,0.012332770900458256
4507,2024-05-21,59,23,2,0.17511179054680545
4508,2022-02-27,53,14,1,0.02896900391683821
4509,2024-03-12,17,14,3,0.18566203703289297
4510,2024-08-06,1,49,3,0.09701013816747067
4511,2023-06-15,86,44,2,0.07499539121272736
4512,2024-02-26,8,5,3,0.18453428733019125
4513,2024-08-29,17,29,3,0.16859950094600404
4514,2024-09-25,57,8,1,0.003040625097142402
4515,2023-05-04,85,33,1,0.06438299870708108
4516,2024-09-01,30,44,3,0.08349951365175674
4517,2023-03-18,27,1,2,0.019891311972349213
4518,2024-02-07,25,15,1,0.1629897539881119
4519,2024-06-12,49,11,2,0.12950863420278821
4520,2022-02-19,54,43,3,0.10253790303447477
4521,2024-01-10,26,11,2,0.09656752121119222
4522,2024-08-14,52,43,1,0.06260398845738512
4523,2022-02-24,62,18,3,0.19312597670113027
4524,2023-11-11,12,40,2,0.09516507509464756
4525,2024-01-02,15,44,1,0.013206375541504745
4526,2023-02-03,45,2,3,0.0856212510698946
4527,2024-07-26,6,11,3,0.10625303733226066
4528,2023-08-13,57,40,3,0.09089356366043722
4529,2022-04-10,7,12,1,0.07847396063576116
4530,2024-02-15,65,38,2,0.16200497720403068
4531,2022-12-21,7,43,1,0.10871419219827044
4532,2024-08-02,64,44,1,0.06481223470606066
4533,2022-08-13,39,17,1,0.02664876771994784
4534,2022-10-04,52,38,1,0.12272722990639942
4535,2023-10-25,80,36,1,0.01739834819546937
4536,2024-03-09,51,14,3,0.17106247493835336
4537,2024-03-25,44,15,2,0.022712171883464305
4538,2023-12-20,2,35,1,0.023214295742823656
4539,2023-01-17,62,49,1,0.14088907591751493
4540,2023-06-17,79,13,1,0.11682485423273588
4541,2024-06-21,13,7,1,0.1416094875525443
4542,2023-05-01,33,35,1,0.14622568628545182
4543,2022-08-30,80,38,2,0.15035567970385275
4544,2023-08-23,72,11,2,0.10295065489981403
4545,2023-10-09,98,49,3,0.10620121272014015
4546,2023-01-12,36,32,2,0.05964210306911921
4547,2024-07-08,42,12,2,0.0791225512665609
4548,2023-10-02,65,10,1,0.12733772255614076
4549,2022-09-07,81,34,2,0.07854593112915723
4550,2022-04-15,89,42,1,0.07529132408918271
4551,2023-12-30,89,5,1,0.03964339532458943
4552,2022-10-24,46,45,2,0.10486849091656661
4553,2023-05-12,15,33,2,0.07897796101433639
4554,2022-07-29,77,43,3,0.01341535392875335
4555,2022-02-16,27,47,2,0.007412630690849454
4556,2022-09-10,21,26,1,0.1413038346709926
4557,2024-07-28,64,46,2,0.12557397120370192
4558,2022-11-07,7,38,2,0.13778537371590283
4559,2022-10-03,40,6,3,0.1460212325997768
4560,2023-01-21,48,4,1,0.11638411089839724
4561,2022-03-07,58,35,2,0.07512362881373325
4562,2022-03-19,15,33,2,0.060072790065793295
4563,2022-02-24,29,17,1,0.08191367625257065
4564,2024-01-11,44,6,1,0.07398010382479558
4565,2023-08-02,2,17,1,0.05975499586829014
4566,2023-12-08,31,35,3,0.031037641024177522
4567,2023-12-18,75,30,2,0.04727992266264185
4568,2023-08-04,58,48,2,0.15054085351032243
4569,2024-09-02,76,7,1,0.18767288442592917
4570,2022-02-10,44,9,2,0.003935934101021066
4571,2022-06-08,95,27,2,0.09002255055662929
4572,2022-07-12,93,21,1,0.17288828896015873
4573,2023-07-06,93,50,3,0.18228214286378147
4574,2022-04-07,61,31,1,0.048958167497469535
4575,2024-04-30,67,38,2,0.05026118696664777
4576,2024-08-23,1,30,3,0.11115675761172644
4577,2022-10-27,28,45,3,0.12038630772273647
4578,2022-12-19,7,35,1,0.17086013371373743
4579,2023-09-24,81,32,3,0.12234730358247443
4580,2023-08-16,5,18,3,0.17587535761674936
4581,2022-03-10,7,27,3,0.14455789059187582
4582,2023-04-20,18,44,2,0.1563529047430287
4583,2022-03-27,47,38,3,0.0638388631824035
4584,2023-06-14,11,3,1,0.06251123136518837
4585,2023-02-06,96,50,3,0.08670977189042808
4586,2023-07-09,92,23,3,0.03474410575803149
4587,2024-02-16,43,11,3,0.11268156478887126
4588,2024-03-20,23,44,3,0.03759275070297979
4589,2023-11-01,50,45,3,0.19316355795932152
4590,2022-04-12,61,12,2,0.11164362410278084
4591,2023-04-15,96,11,1,0.07250052992986367
4592,2022-12-27,25,17,1,0.11365347779705987
4593,2022-02-28,28,20,3,0.019467382622803453
4594,2023-10-03,94,40,3,0.16933049923343094
4595,2023-08-27,89,4,2,0.09034421068545545
4596,2022-03-14,29,2,3,0.191139400100638
4597,2023-11-05,70,17,2,0.023423158817823465
4598,2023-09-29,94,43,2,0.0841317701993132
4599,2023-04-03,4,13,2,0.03816782627192539
4600,2023-03-18,8,38,3,0.09985826607761783
4601,2022-03-01,45,27,1,0.13587710410866635
4602,2023-03-26,3,7,2,0.05993785589250118
4603,2024-02-23,69,49,1,0.0314924527583792
4604,2022-01-25,9,14,1,0.013611598027131923
4605,2023-03-27,53,3,1,0.16651077303040734
4606,2023-06-12,10,3,1,0.008646076247631607
4607,2023-08-21,41,44,2,0.18740847958894505
4608,2024-09-15,81,50,3,0.051094389820570046
4609,2023-09-25,43,24,1,0.03426755345748416
4610,2024-02-12,5,22,2,0.10409112753017731
4611,2023-02-15,12,47,1,0.1661565673758684
4612,2022-05-12,10,22,1,0.12305462735685915
4613,2024-03-16,7,49,3,0.0018694692995664176
4614,2024-01-11,59,7,3,0.047555240224816414
4615,2022-02-23,33,45,1,0.08282604584850606
4616,2024-04-18,55,44,1,0.09000737700798492
4617,2023-08-03,2,10,2,0.18290869875833932
4618,2023-03-17,12,42,1,0.002720761210673817
4619,2022-03-17,55,21,3,0.03766709931563721
4620,2022-11-08,94,18,2,0.05507288158801798
4621,2024-04-14,49,23,1,0.11913919971199305
4622,2022-08-27,74,35,1,0.00795380246135351
4623,2022-11-04,96,30,3,0.010516933003245322
4624,2022-11-08,49,43,1,0.13159249676477078
4625,2022-05-07,45,39,2,0.03783785442120213
4626,2024-04-22,96,23,2,0.038596531727291675
4627,2023-05-10,41,45,3,0.030555981214890605
4628,2024-04-24,79,24,2,0.017542384051326843
4629,2022-10-03,17,10,3,0.02781928387977837
4630,2022-07-24,50,37,1,0.020329309683754595
4631,2022-02-23,59,30,2,0.15221724731357333
4632,2022-10-07,86,13,2,0.11904094068882128
4633,2022-05-08,61,35,1,0.097963936335129
4634,2023-01-30,91,46,2,0.14526215303993978
4635,2023-12-06,52,7,1,0.12498488031379701
4636,2023-09-22,56,48,1,0.15584789173698443
4637,2023-10-24,92,4,1,0.14866949105551738
4638,2024-02-04,76,14,3,0.08860060774162189
4639,2022-01-31,80,8,1,0.0420101178639494
4640,2024-02-29,24,38,2,0.13731396091435574
4641,2023-12-15,4,47,3,0.14960507839979467
4642,2022-01-06,69,50,1,0.193225725156051
4643,2024-02-21,58,41,1,0.10269024894646905
4644,2023-07-20,18,32,2,0.17768672252990794
4645,2024-01-05,48,6,1,0.11711889340788206
4646,2023-06-21,58,14,1,0.07750174865105813
4647,2024-07-29,29,15,1,0.16638656335066748
4648,2022-02-11,67,28,3,0.13420804413124038
4649,2023-03-04,15,39,3,0.018659778063335363
4650,2023-10-08,69,5,2,0.020282069774288237
4651,2024-02-19,2,10,2,0.03274344964609697
4652,2024-03-05,2,16,1,0.12039933499794925
4653,2024-01-15,34,33,3,0.1928577414580652
4654,2022-12-31,96,4,3,0.19656228678368864
4655,2022-07-25,86,23,1,0.11975816426063031
4656,2022-02-28,75,44,2,0.07420030161452766
4657,2024-03-18,100,9,2,0.10227295639941664
4658,2023-07-30,98,37,2,0.014492000312469423
4659,2024-02-12,8,9,3,0.15447943508699863
4660,2023-10-31,97,46,2,0.030746052927407355
4661,2022-01-19,51,1,3,0.14764749765284227
4662,2023-05-11,32,7,1,0.02806807517228449
4663,2022-11-13,10,47,1,0.014160282844409467
4664,2024-07-25,94,29,1,0.025307731114818034
4665,2022-06-10,22,49,1,0.029907405782018316
4666,2024-09-11,9,48,3,0.10180411149973818
4667,2024-07-13,5,39,3,0.11592042286812575
4668,2023-01-07,65,12,3,0.15159568564778114
4669,2024-07-21,89,37,3,0.0738515404796295
4670,2022-03-24,98,43,2,0.11252713482491161
4671,2024-01-10,59,6,3,0.14970491893459148
4672,2024-08-16,35,17,3,0.1475648980234989
4673,2024-01-04,85,47,3,0.18471298158646096
4674,2023-04-16,50,18,2,0.19340932061125776
4675,2022-09-16,98,43,1,0.18117971986400672
4676,2024-05-24,91,46,1,0.09574775337289719
4677,2022-04-26,24,17,3,0.19680299445594854
4678,2022-06-20,55,10,3,0.17212047255841306
4679,2024-05-21,42,12,3,0.08882910882683515
4680,2022-05-30,63,21,2,0.16837490490382706
4681,2024-07-30,38,45,3,0.10888950532901645
4682,2022-05-26,50,41,1,0.047850891703384885
4683,2022-04-24,19,47,3,0.1344899411363298
4684,2024-02-05,34,40,3,0.056291827132832206
4685,2024-04-10,13,50,2,0.008121531232153556
4686,2024-05-21,1,37,1,0.05228434280814516
4687,2024-05-09,7,32,2,0.10328118445321331
4688,2022-11-14,10,36,3,0.19050144192644888
4689,2023-03-24,99,4,3,0.026569992118209807
4690,2022-10-24,1,13,2,0.047060052809402
4691,2023-08-12,2,14,3,0.16967187359155855
4692,2022-04-28,96,46,3,0.15178650278098824
4693,2024-04-06,61,46,2,0.16034031022414674
4694,2024-08-28,35,48,3,0.17439824022755596
4695,2024-09-04,56,9,3,0.014073404828267045
4696,2023-03-03,5,28,3,0.15538429411528865
4697,2024-05-10,37,42,2,0.11752141132721634
4698,2024-05-16,84,49,2,0.019924886907607478
4699,2024-05-25,78,37,2,0.19819136306729568
4700,2023-03-19,3,13,1,0.17423082934666223
4701,2022-07-14,74,7,1,0.16167953116897066
4702,2022-09-03,12,48,1,0.18039111718047102
4703,2022-10-20,30,42,1,0.17678061637223141
4704,2024-09-06,14,43,3,0.12220737753178475
4705,2024-08-05,73,21,3,0.14624981805420287
4706,2023-06-27,24,23,3,0.1289891461438739
4707,2024-07-29,81,17,3,0.1581523956860077
4708,2024-04-17,46,35,2,0.08005356949970095
4709,2022-03-11,74,23,2,0.12431577837553164
4710,2022-01-13,82,17,3,0.0169578482022166
4711,2022-02-28,11,2,1,0.1967623906201513
4712,2023-10-15,21,23,1,0.00737739440418268
4713,2022-08-10,76,16,1,0.026147967647673555
4714,2024-03-03,76,30,1,0.07357266189419923
4715,2022-09-01,21,46,1,0.11268059600523431
4716,2024-05-23,30,33,3,0.043351104582303845
4717,2024-07-21,13,19,2,0.19880035726347534
4718,2023-11-12,30,25,3,0.07830261054305471
4719,2024-06-25,22,21,1,0.06796194116931896
4720,2024-07-23,94,30,1,0.013587856182510816
4721,2023-08-20,46,19,3,0.10017881760627396
4722,2022-11-10,18,11,2,0.08405320836502878
4723,2023-06-27,62,33,2,0.17581131384805043
4724,2023-12-31,28,40,2,0.021257385983116307
4725,2024-03-02,16,10,1,0.1744201675109405
4726,2023-12-19,51,2,3,0.05260626591800399
4727,2024-02-02,61,48,3,0.012680710846548406
4728,2024-01-11,60,5,2,0.18909955595246092
4729,2023-10-28,11,23,3,0.09621864508346317
4730,2023-12-25,85,10,1,0.1679458520934792
4731,2023-07-22,85,15,3,0.10191835575757882
4732,2022-01-16,55,32,1,0.021399856444273425
4733,2022-12-07,76,8,3,0.03998631468803187
4734,2022-03-23,58,19,1,0.10835296520326257
4735,2022-06-30,20,11,1,0.08229146961862199
4736,2022-04-30,51,23,2,0.17179607058995072
4737,2024-01-06,61,21,2,0.1642074904223748
4738,2023-06-13,61,42,1,0.0845011265734384
4739,2022-04-04,12,24,3,0.13081424098333946
4740,2022-02-28,61,5,3,0.03960676376309891
4741,2022-11-17,85,24,2,0.004409113917856056
4742,2023-01-18,20,43,2,0.0408132142362607
4743,2023-01-14,1,7,3,0.08449702948835543
4744,2023-01-10,72,26,2,0.03039703513192169
4745,2024-06-02,46,29,1,0.078737945030192
4746,2023-07-15,19,38,2,0.1188343698903822
4747,2024-07-03,13,18,2,0.035410745876056526
4748,2023-03-11,10,23,3,0.07001390528884124
4749,2022-06-21,83,46,1,0.12727507758947992
4750,2023-06-21,22,21,2,0.08141675046292951
4751,2022-10-13,52,43,2,0.07078099889280634
4752,2024-05-29,95,16,3,0.14384796962674923
4753,2023-02-23,85,14,2,0.17214843681126113
4754,2024-02-22,20,41,2,0.14814890985441395
4755,2024-08-10,87,44,2,0.06488753484929853
4756,2022-10-16,83,17,2,0.08224865928633147
4757,2023-07-25,72,34,2,0.019963926829924872
4758,2023-08-15,49,42,3,0.11182018456719699
4759,2023-12-30,90,7,2,0.04768655326625344
4760,2024-04-14,86,8,2,0.060971982199221175
4761,2022-05-26,45,19,2,0.18253289729659136
4762,2024-07-30,10,32,3,0.13167148736617382
4763,2023-06-27,95,32,3,0.06472960495222367
4764,2022-03-06,55,50,1,0.14426446352557395
4765,2023-10-07,15,35,2,0.10673359258839527
4766,2024-08-01,77,37,2,0.1007347921235261
4767,2022-08-15,74,12,3,0.14115431780816481
4768,2022-01-07,95,36,3,0.0527059572985859
4769,2022-10-10,78,40,3,0.05196169150315014
4770,2022-11-20,75,17,2,0.12857591586587316
4771,2024-06-30,50,34,2,0.10621187172021532
4772,2022-04-16,61,36,1,0.18363030245578246
4773,2024-04-25,76,35,1,0.023728910000842963
4774,2022-09-26,39,34,2,0.13445575234746562
4775,2024-03-24,11,37,3,0.14407526902320886
4776,2023-03-18,95,34,3,0.1494336574089656
4777,2023-04-14,78,26,1,0.07699709151945909
4778,2024-05-09,74,35,3,0.11779895399504095
4779,2023-06-16,6,47,1,0.0702980659914515
4780,2023-12-07,61,41,3,0.0040840428077218325
4781,2023-02-25,82,19,3,0.1870329949831595
4782,2022-08-31,37,11,3,0.16658738482062885
4783,2022-01-06,47,22,3,0.06668585864007558
4784,2023-03-02,52,30,3,0.058775863194438775
4785,2024-07-24,7,50,2,0.14854190209606202
4786,2023-11-14,25,47,1,0.15891583032963272
4787,2022-03-27,84,33,1,0.06414700179768613
4788,2024-08-24,20,38,2,0.04528943239003838
4789,2023-04-03,82,22,1,0.17336332935705767
4790,2024-04-14,18,44,1,0.08406469432120162
4791,2024-03-08,5,37,1,0.03030759876898448
4792,2022-11-10,29,48,3,0.14035334084413428
4793,2023-12-10,74,41,1,0.08432971853356286
4794,2023-07-08,65,28,3,0.06873948121833078
4795,2022-09-07,25,17,1,0.14832411399124454
4796,2022-10-13,41,27,3,0.16474938705907893
4797,2024-01-29,48,41,1,0.04033912843017114
4798,2024-02-19,94,44,2,0.05361115304968059
4799,2022-10-25,80,25,3,0.07042664608134966
4800,2022-12-28,56,25,3,0.11485478542893601
4801,2024-06-05,67,48,3,0.03961540230620289
4802,2024-09-02,70,13,2,0.09571325399635539
4803,2023-10-21,12,23,1,0.04531167613731151
4804,2022-06-29,56,28,3,0.08866076750379287
4805,2022-07-08,50,47,2,0.1221534517306968
4806,2022-10-01,31,44,2,0.016971706731170322
4807,2024-06-19,39,21,3,0.11319596921032156
4808,2022-08-09,27,13,3,0.14505338560095712
4809,2024-01-09,38,38,2,0.033520946172596426
4810,2023-03-29,60,27,1,0.007243315567522602
4811,2023-09-25,21,28,1,0.19603293575149094
4812,2024-07-10,64,15,1,0.10264244443381053
4813,2023-06-21,77,10,1,0.019249644510107244
4814,2023-10-31,27,12,3,0.1063480303626955
4815,2022-02-16,37,24,3,0.11364629687217097
4816,2022-01-18,15,15,1,0.012509330673126741
4817,2022-05-22,92,19,3,0.1352527569540596
4818,2024-03-30,68,44,2,0.11205186801214101
4819,2022-01-03,16,46,2,0.014540146350658324
4820,2023-11-13,92,47,2,0.0679556021467688
4821,2023-06-20,5,40,1,0.17689154776378258
4822,2022-02-17,48,34,2,0.0824856386554494
4823,2023-06-23,60,39,2,0.014253785919873098
4824,2024-03-19,92,34,3,0.06391798516995172
4825,2024-08-22,84,4,1,0.044950401220234
4826,2024-09-23,8,47,2,0.008515791720725209
4827,2022-01-26,3,14,2,0.10723061332116741
4828,2022-08-11,14,3,1,0.1255625813584078
4829,2022-07-20,15,49,2,0.003772914586676368
4830,2024-08-09,92,18,1,0.048681976636628856
4831,2022-12-28,68,27,2,0.08398990089145536
4832,2024-03-23,56,6,3,0.13243961110381142
4833,2023-05-06,68,48,3,0.11749559387789824
4834,2022-09-03,23,34,3,0.05732416815649071
4835,2022-10-08,96,9,3,0.0183825203569987
4836,2024-03-05,99,13,1,0.1597875597139648
4837,2023-01-10,40,8,2,0.11084726187956465
4838,2023-01-18,94,35,3,0.14607841470949087
4839,2024-03-02,60,3,3,0.01254129811055953
4840,2024-01-04,87,29,3,0.15158589173785753
4841,2024-06-05,42,36,3,0.09510059054236658
4842,2024-06-21,47,4,1,0.18623665844604576
4843,2024-01-13,75,6,2,0.022502179876070574
4844,2023-10-31,36,13,3,0.05942934798366775
4845,2022-08-01,55,29,1,0.0602601115974625
4846,2022-05-12,100,24,3,0.07982353692440142
4847,2022-12-08,96,3,2,0.1372410379202087
4848,2024-01-19,45,45,1,0.042029217568583715
4849,2024-07-13,63,4,2,0.04698297440480377
4850,2022-06-30,16,46,2,0.09930808043855144
4851,2023-07-25,96,1,3,0.005375187749566668
4852,2023-06-26,47,6,1,0.06994046751712979
4853,2024-01-30,26,33,2,0.17558212515434324
4854,2024-05-20,9,23,3,0.10120911384941843
4855,2023-07-31,96,28,2,0.06305353225518516
4856,2024-05-01,43,5,1,0.19682934588918494
4857,2024-05-17,21,40,1,0.14522269980179203
4858,2024-07-26,16,33,3,0.11263203557888149
4859,2024-03-24,74,2,3,0.00617867984263123
4860,2024-01-05,17,50,3,0.03767997299913409
4861,2024-09-13,65,27,3,0.032339921078957626
4862,2022-05-29,39,35,1,0.02354380708740178
4863,2022-07-28,63,46,3,0.15747676187182458
4864,2022-06-28,24,30,2,0.07896309056557196
4865,2024-04-03,97,7,3,0.04709161269242641
4866,2022-07-02,89,2,3,0.10957985245937883
4867,2023-04-06,61,44,3,0.1342376093979611
4868,2023-02-20,13,30,2,0.06448940545584458
4869,2022-10-16,48,14,3,0.04159173009812178
4870,2023-01-23,69,44,2,0.13007106248009856
4871,2023-04-19,11,31,2,0.009150903655472886
4872,2023-09-21,56,24,2,0.08853554039520001
4873,2024-06-02,37,35,3,0.1984014381305805
4874,2022-06-25,60,31,3,0.024188024689203627
4875,2022-04-02,14,40,3,0.16571219268738446
4876,2023-03-18,76,2,3,0.06784782396619564
4877,2022-03-07,60,37,1,0.14290969790736527
4878,2022-02-07,29,19,1,0.002963155431434972
4879,2024-04-17,70,9,1,0.11228038323188616
4880,2023-02-08,35,18,2,0.025158936861774152
4881,2022-06-14,5,16,2,0.03749619489381071
4882,2023-01-18,74,3,2,0.012980800990419806
4883,2022-12-31,24,36,1,0.026598039737727387
4884,2022-12-23,84,27,3,0.01641702687849862
4885,2022-04-15,63,26,2,0.11516277605053707
4886,2023-10-14,69,44,3,0.044897520696798913
4887,2024-05-22,56,49,2,0.16807148964589827
4888,2023-07-31,65,3,1,0.033804762098452734
4889,2023-12-05,36,25,2,0.042368577970144865
4890,2023-05-14,65,20,2,0.06703622846496538
4891,2023-01-09,18,29,2,0.04614358215862738
4892,2024-04-13,98,9,3,0.19584898290540376
4893,2023-08-15,17,35,2,0.13841230547984307
4894,2022-11-04,43,27,3,0.041063015808050454
4895,2022-06-03,99,34,1,0.06995388091382611
4896,2023-11-22,90,16,2,0.10254300989403796
4897,2022-08-28,22,17,3,0.10199648030575448
4898,2022-06-11,9,42,3,0.09590293128552084
4899,2024-02-09,60,17,1,0.031651940873005116
4900,2023-12-17,21,34,1,0.020969516682574765
4901,2023-09-15,57,32,3,0.19150958214889272
4902,2024-07-15,57,23,1,0.02780905320554197
4903,2023-10-05,36,22,2,0.14514502084945644
4904,2023-08-10,47,20,3,0.17594367844646777
4905,2022-07-24,15,48,1,0.0018017499073492928
4906,2024-05-05,86,44,3,0.013061916678565377
4907,2022-07-06,98,38,3,0.19988096991157892
4908,2023-08-19,90,7,2,0.19867647331178787
4909,2024-07-14,94,43,2,0.12508395901229072
4910,2023-10-02,93,17,3,0.10727767400878029
4911,2023-10-18,60,40,2,0.19351845332452722
4912,2022-10-21,81,5,1,0.14000888505673723
4913,2024-07-25,56,27,1,0.18774321727822207
4914,2023-04-24,80,20,3,0.18251539871654887
4915,2023-08-11,100,20,2,0.15123069105238146
4916,2022-01-23,88,11,1,0.19085707138006003
4917,2023-01-27,15,46,3,0.1652683378858566
4918,2023-09-11,39,45,1,0.06484786806131125
4919,2023-06-19,18,32,3,0.1213640326379175
4920,2024-07-02,49,47,2,0.1403951363152243
4921,2024-03-18,69,12,3,0.15800864810928394
4922,2023-05-23,55,44,3,0.051640048786964134
4923,2023-03-28,22,41,1,0.0023250284212126718
4924,2024-02-20,71,44,3,0.06096688360789107
4925,2022-07-08,41,37,2,0.13046380081894285
4926,2024-05-02,17,42,2,0.07066584780453551
4927,2022-10-21,80,26,2,0.12110800540565454
4928,2023-07-01,36,7,2,0.003560756322538672
4929,2023-09-27,57,49,3,0.08606605658805591
4930,2022-11-01,11,33,3,0.04073180722755685
4931,2022-11-13,83,6,1,0.006975759290915562
4932,2024-03-15,36,24,3,0.13816780006351223
4933,2023-12-30,26,44,1,0.045181870258738766
4934,2022-11-07,32,21,2,0.17924640737514763
4935,2024-03-15,83,50,1,0.13169007570170474
4936,2024-03-07,53,6,3,0.17387450793657874
4937,2023-12-28,88,31,1,0.12182581343572074
4938,2024-07-03,53,7,2,0.15366551031918518
4939,2023-07-30,27,13,1,0.06103182903149243
4940,2022-08-28,23,42,2,0.14528395785523351
4941,2022-08-05,9,32,2,0.14754835788386975
4942,2023-02-21,60,48,1,0.12336916648686387
4943,2023-08-01,84,37,3,0.02053019636890692
4944,2023-06-03,38,38,3,0.09773886236279974
4945,2023-12-27,56,12,2,0.053339800058767844
4946,2023-05-17,3,44,1,0.05373983304172783
4947,2022-09-09,8,2,3,0.048101268381507745
4948,2023-01-10,14,5,1,0.022800654587173577
4949,2023-06-21,61,9,3,0.17515252349146934
4950,2022-09-20,21,46,3,0.08826872472330027
4951,2022-01-15,90,10,2,0.13125454528601008
4952,2022-01-25,89,15,2,0.1616559922716825
4953,2022-06-19,97,6,2,0.022014656202226403
4954,2023-04-06,59,10,1,0.08106507960286449
4955,2024-07-26,24,23,3,0.025489918359396492
4956,2024-04-13,47,42,3,0.021713387518964056
4957,2024-08-24,69,41,1,0.0016787894806495895
4958,2022-11-19,31,47,3,0.06439770289554762
4959,2024-09-24,79,36,2,0.19287457504975225
4960,2024-07-25,16,20,1,0.10484547446565114
4961,2023-12-06,56,10,3,0.0835113264636473
4962,2024-06-28,63,2,3,0.1834715910788962
4963,2022-08-17,4,1,2,0.14069061254476514
4964,2024-05-27,54,7,3,0.16494374281016744
4965,2023-07-27,53,21,1,0.18819828370914893
4966,2022-05-04,9,14,3,0.01593441478704596
4967,2023-05-05,52,19,2,0.045569451265718146
4968,2022-08-16,52,41,2,0.10296965999168102
4969,2023-08-02,21,24,2,0.060476657388439194
4970,2024-06-29,87,29,2,0.12979948949383918
4971,2022-01-08,9,14,2,0.10939091832351351
4972,2023-09-22,2,37,2,0.18934415915327396
4973,2023-01-31,2,46,3,0.09087569618518909
4974,2022-05-08,18,27,2,0.0881733952785992
4975,2022-09-13,71,3,3,0.170361145521895
4976,2022-02-06,53,46,3,0.06434761831834235
4977,2022-06-12,15,23,3,0.15694536676202625
4978,2024-02-26,66,31,3,0.08749524828736227
4979,2023-11-26,94,25,1,0.15168352329519183
4980,2022-04-11,81,1,1,0.13189871907011816
4981,2023-12-20,76,16,3,0.1154129891033096
4982,2022-08-24,70,46,3,0.18600825583268463
4983,2022-01-20,48,42,2,0.150344455271559
4984,2023-05-05,43,50,2,0.0033272994055926434
4985,2023-11-15,29,38,3,0.19141193852250238
4986,2023-01-27,25,26,1,0.04277242839607501
4987,2024-04-19,70,37,3,0.18857749240732619
4988,2023-06-01,54,39,2,0.028206664777437718
4989,2024-09-16,51,35,1,0.023304565861695204
4990,2022-08-30,51,48,2,0.1780445466026304
4991,2022-01-06,62,43,3,0.08227220239448668
4992,2024-09-09,5,48,2,0.14129389464693237
4993,2022-02-24,94,43,2,0.10545652674718442
4994,2022-01-02,81,5,2,0.07629452144854904
4995,2024-08-09,86,35,2,0.14103416335174862
4996,2022-12-18,37,36,2,0.08316545596671743
4997,2022-03-04,96,48,3,0.1334121210707459
4998,2022-05-20,76,6,1,0.12418365404218444
4999,2022-01-21,65,8,1,0.047301445927241816
